Month,Sunspots
1749.538,135.9
1749.623,137.9
1749.707,140.2
1749.790,143.8
1749.874,146.4
1749.958,147.9
1750.042,148.4
1750.123,150.3
1750.204,153.9
1750.288,154.3
1750.371,147.0
1750.455,139.7
1750.538,138.8
1750.623,136.3
1750.707,131.0
1750.790,125.7
1750.874,121.5
1750.958,116.0
1751.042,111.3
1751.123,106.9
1751.204,99.2
1751.288,91.6
1751.371,86.2
1751.455,81.6
1751.538,77.0
1751.623,75.0
1751.707,77.3
1751.790,79.2
1751.874,79.4
1751.958,78.5
1752.042,78.6
1752.124,77.3
1752.206,75.5
1752.290,77.3
1752.373,79.6
1752.456,79.9
1752.540,80.3
1752.624,79.7
1752.708,76.7
1752.791,73.4
1752.874,70.3
1752.958,68.1
1753.042,63.6
1753.123,60.4
1753.204,61.1
1753.288,59.7
1753.371,57.0
1753.455,53.4
1753.538,48.1
1753.623,43.0
1753.707,37.9
1753.790,33.2
1753.874,30.4
1753.958,29.0
1754.042,28.5
1754.123,26.4
1754.204,23.2
1754.288,21.7
1754.371,21.2
1754.455,20.5
1754.538,21.1
1754.623,22.3
1754.707,23.3
1754.790,23.1
1754.874,21.2
1754.958,17.9
1755.042,15.3
1755.123,14.0
1755.204,14.0
1755.288,14.7
1755.371,14.2
1755.455,14.8
1755.538,16.1
1755.623,16.0
1755.707,15.6
1755.790,15.7
1755.874,16.8
1755.958,18.5
1756.042,19.1
1756.124,19.0
1756.206,18.8
1756.290,17.7
1756.373,17.7
1756.456,17.7
1756.540,17.1
1756.624,18.2
1756.708,20.6
1756.791,23.5
1756.874,26.7
1756.958,28.5
1757.042,29.9
1757.123,34.6
1757.204,39.6
1757.288,42.8
1757.371,47.4
1757.455,52.4
1757.538,55.7
1757.623,59.5
1757.707,63.2
1757.790,67.7
1757.874,71.2
1757.958,74.0
1758.042,77.6
1758.123,78.0
1758.204,78.7
1758.288,80.7
1758.371,79.5
1758.455,78.7
1758.538,80.1
1758.623,80.3
1758.707,79.6
1758.790,77.6
1758.874,76.1
1758.958,76.6
1759.042,77.4
1759.123,80.2
1759.204,83.5
1759.288,86.0
1759.371,87.8
1759.455,89.0
1759.538,91.3
1759.623,93.7
1759.707,96.7
1759.790,99.4
1759.874,101.8
1759.958,103.3
1760.042,104.2
1760.124,105.5
1760.206,104.7
1760.290,103.0
1760.373,103.3
1760.456,104.5
1760.540,105.0
1760.624,107.3
1760.708,109.9
1760.791,111.3
1760.874,114.7
1760.958,120.7
1761.042,126.1
1761.123,129.2
1761.204,133.0
1761.288,138.4
1761.371,143.1
1761.455,144.1
1761.538,141.3
1761.623,138.2
1761.707,134.5
1761.790,131.3
1761.874,125.8
1761.958,119.6
1762.042,113.8
1762.123,108.0
1762.204,104.2
1762.288,100.6
1762.371,98.4
1762.455,99.7
1762.538,102.8
1762.623,100.8
1762.707,97.2
1762.790,94.5
1762.874,92.1
1762.958,88.8
1763.042,87.3
1763.123,85.9
1763.204,83.0
1763.288,81.3
1763.371,78.6
1763.455,76.3
1763.538,75.4
1763.623,77.6
1763.707,79.9
1763.790,80.4
1763.874,81.3
1763.958,81.7
1764.042,79.7
1764.124,78.2
1764.206,75.7
1764.290,71.7
1764.373,68.0
1764.456,63.1
1764.540,58.1
1764.624,53.3
1764.708,49.9
1764.791,48.0
1764.874,45.4
1764.958,43.1
1765.042,42.2
1765.123,41.9
1765.204,41.1
1765.288,39.2
1765.371,37.4
1765.455,35.7
1765.538,34.0
1765.623,32.1
1765.707,31.9
1765.790,31.6
1765.874,30.9
1765.958,30.2
1766.042,27.4
1766.123,24.0
1766.204,21.4
1766.288,19.9
1766.371,18.7
1766.455,18.6
1766.538,20.1
1766.623,22.5
1766.707,24.2
1766.790,26.6
1766.874,28.6
1766.958,30.9
1767.042,34.3
1767.123,38.2
1767.204,43.4
1767.288,48.8
1767.371,54.9
1767.455,60.7
1767.538,64.9
1767.623,69.2
1767.707,71.9
1767.790,72.8
1767.874,76.8
1767.958,83.2
1768.042,88.4
1768.124,92.4
1768.206,96.4
1768.290,101.0
1768.373,105.8
1768.456,112.4
1768.540,117.8
1768.624,119.1
1768.708,120.2
1768.791,125.2
1768.874,128.7
1768.958,129.6
1769.042,135.4
1769.123,143.7
1769.204,152.5
1769.288,163.2
1769.371,172.8
1769.455,176.8
1769.538,178.9
1769.623,186.4
1769.707,193.0
1769.790,190.9
1769.874,187.5
1769.958,186.5
1770.042,185.1
1770.123,184.9
1770.204,182.2
1770.288,175.3
1770.371,170.4
1770.455,168.7
1770.538,163.3
1770.623,151.9
1770.707,142.9
1770.790,141.5
1770.874,148.2
1770.958,156.5
1771.042,156.1
1771.123,148.4
1771.204,143.5
1771.288,142.3
1771.371,139.1
1771.455,136.4
1771.538,140.5
1771.623,148.1
1771.707,150.1
1771.790,150.9
1771.874,144.8
1771.958,132.5
1772.042,128.9
1772.124,129.4
1772.206,125.7
1772.290,121.4
1772.373,117.9
1772.456,113.0
1772.540,107.6
1772.624,100.1
1772.708,97.2
1772.791,94.5
1772.874,90.6
1772.958,88.8
1773.042,83.4
1773.123,76.9
1773.204,72.4
1773.288,67.3
1773.371,62.3
1773.455,59.4
1773.538,57.4
1773.623,59.4
1773.707,62.2
1773.790,63.3
1773.874,64.8
1773.958,65.5
1774.042,64.8
1774.123,63.7
1774.204,61.8
1774.288,59.4
1774.371,56.9
1774.455,53.2
1774.538,48.1
1774.623,40.6
1774.707,33.0
1774.790,27.7
1774.874,22.1
1774.958,17.7
1775.042,15.4
1775.123,14.4
1775.204,14.1
1775.288,13.2
1775.371,12.5
1775.455,12.0
1775.538,12.9
1775.623,14.9
1775.707,15.3
1775.790,15.7
1775.874,16.9
1775.958,17.9
1776.042,18.4
1776.124,19.5
1776.206,21.5
1776.290,24.1
1776.373,27.2
1776.456,30.8
1776.540,34.7
1776.624,38.0
1776.708,42.0
1776.791,49.4
1776.874,59.3
1776.958,68.4
1777.042,79.2
1777.123,91.8
1777.204,104.9
1777.288,117.1
1777.371,130.2
1777.455,146.0
1777.538,163.4
1777.623,177.6
1777.707,189.3
1777.790,199.3
1777.874,213.7
1777.958,231.1
1778.042,241.4
1778.123,247.4
1778.204,253.2
1778.288,260.5
1778.371,264.3
1778.455,260.9
1778.538,252.9
1778.623,252.5
1778.707,255.3
1778.790,254.2
1778.874,247.3
1778.958,236.4
1779.042,231.7
1779.123,229.1
1779.204,222.9
1779.288,216.5
1779.371,211.7
1779.455,209.5
1779.538,206.8
1779.623,199.0
1779.707,192.9
1779.790,188.0
1779.874,182.3
1779.958,178.2
1780.042,172.5
1780.124,166.7
1780.206,163.7
1780.290,159.2
1780.373,152.2
1780.456,144.9
1780.540,143.3
1780.624,143.7
1780.708,139.0
1780.791,134.0
1780.874,131.9
1780.958,132.4
1781.042,132.2
1781.123,130.0
1781.204,125.6
1781.288,119.2
1781.371,116.3
1781.455,115.1
1781.538,110.4
1781.623,104.7
1781.707,101.0
1781.790,98.0
1781.874,92.6
1781.958,85.0
1782.042,78.3
1782.123,74.2
1782.204,71.5
1782.288,70.0
1782.371,67.3
1782.455,64.5
1782.538,62.3
1782.623,60.6
1782.707,59.9
1782.790,58.3
1782.874,55.3
1782.958,52.2
1783.042,51.0
1783.123,49.0
1783.204,46.2
1783.288,44.1
1783.371,41.9
1783.455,39.4
1783.538,37.0
1783.623,33.8
1783.707,30.6
1783.790,28.2
1783.874,25.7
1783.958,23.4
1784.042,20.5
1784.124,18.0
1784.206,16.7
1784.290,16.2
1784.373,16.3
1784.456,16.7
1784.540,16.5
1784.624,16.0
1784.708,15.9
1784.791,16.2
1784.874,17.6
1784.958,19.8
1785.042,23.1
1785.123,25.9
1785.204,28.1
1785.288,32.4
1785.371,36.7
1785.455,39.2
1785.538,42.3
1785.623,47.2
1785.707,52.6
1785.790,60.1
1785.874,69.9
1785.958,77.2
1786.042,82.7
1786.123,90.8
1786.204,101.1
1786.288,111.2
1786.371,121.0
1786.455,132.2
1786.538,144.9
1786.623,155.7
1786.707,162.5
1786.790,168.2
1786.874,174.0
1786.958,179.8
1787.042,185.7
1787.123,192.1
1787.204,198.6
1787.288,204.9
1787.371,209.8
1787.455,215.8
1787.538,220.3
1787.623,222.1
1787.707,227.6
1787.790,230.2
1787.874,227.4
1787.958,229.7
1788.042,234.4
1788.124,235.3
1788.206,234.1
1788.290,231.9
1788.373,227.6
1788.456,221.3
1788.540,216.5
1788.624,214.6
1788.708,212.7
1788.791,212.1
1788.874,213.8
1788.958,212.2
1789.042,208.1
1789.123,204.1
1789.204,199.8
1789.288,194.2
1789.371,193.3
1789.455,196.4
1789.538,196.1
1789.623,195.5
1789.707,194.0
1789.790,190.3
1789.874,186.1
1789.958,182.0
1790.042,176.7
1790.123,172.3
1790.204,168.7
1790.288,166.0
1790.371,162.0
1790.455,154.1
1790.538,147.7
1790.623,141.1
1790.707,135.0
1790.790,132.2
1790.874,129.7
1790.958,126.5
1791.042,124.8
1791.123,121.9
1791.204,118.1
1791.288,115.7
1791.371,113.1
1791.455,111.5
1791.538,109.9
1791.623,109.1
1791.707,108.4
1791.790,107.6
1791.874,106.7
1791.958,105.6
1792.042,103.7
1792.124,103.1
1792.206,103.7
1792.290,103.0
1792.373,102.2
1792.456,100.8
1792.540,99.9
1792.624,99.2
1792.708,98.0
1792.791,95.9
1792.874,93.7
1792.958,92.3
1793.042,91.9
1793.123,90.1
1793.204,85.5
1793.288,82.2
1793.371,80.5
1793.455,78.9
1793.538,77.4
1793.623,75.9
1793.707,73.9
1793.790,71.0
1793.874,69.5
1793.958,69.1
1794.042,67.8
1794.123,67.9
1794.204,67.7
1794.288,65.6
1794.371,65.9
1794.455,67.9
1794.538,66.7
1794.623,64.8
1794.707,62.7
1794.790,60.3
1794.874,57.9
1794.958,54.5
1795.042,50.8
1795.123,47.9
1795.204,47.1
1795.288,46.6
1795.371,43.0
1795.455,37.8
1795.538,35.5
1795.623,34.4
1795.707,33.5
1795.790,34.6
1795.874,34.9
1795.958,33.4
1796.042,33.7
1796.124,33.0
1796.206,31.6
1796.290,31.4
1796.373,29.6
1796.456,27.6
1796.540,26.2
1796.624,24.3
1796.708,22.1
1796.791,19.4
1796.874,16.5
1796.958,15.9
1797.042,14.6
1797.123,13.3
1797.204,12.8
1797.288,11.6
1797.371,11.1
1797.455,10.8
1797.538,9.8
1797.623,8.9
1797.707,9.5
1797.790,9.9
1797.874,9.2
1797.958,7.9
1798.042,6.8
1798.123,6.3
1798.204,5.9
1798.288,5.3
1798.371,5.4
1798.455,6.3
1798.538,6.7
1798.623,7.3
1798.707,8.6
1798.790,9.7
1798.874,10.8
1798.958,12.1
1799.042,13.0
1799.123,12.9
1799.204,12.5
1799.288,12.6
1799.371,12.1
1799.455,11.4
1799.538,11.6
1799.623,11.8
1799.707,11.0
1799.790,9.9
1799.874,9.1
1799.958,9.8
1800.042,12.0
1800.123,14.6
1800.204,16.8
1800.288,18.1
1800.371,19.2
1800.455,21.9
1800.538,25.5
1800.623,28.3
1800.707,30.8
1800.790,34.0
1800.874,38.1
1800.958,40.5
1801.042,42.0
1801.123,44.3
1801.204,47.1
1801.288,50.1
1801.371,53.5
1801.455,56.1
1801.538,58.1
1801.623,60.8
1801.707,62.8
1801.790,64.3
1801.874,65.9
1801.958,67.8
1802.042,69.7
1802.123,71.4
1802.204,73.4
1802.288,75.1
1802.371,75.2
1802.455,74.9
1802.538,75.2
1802.623,75.6
1802.707,75.1
1802.790,73.1
1802.874,72.0
1802.958,71.3
1803.042,70.6
1803.123,69.5
1803.204,68.0
1803.288,68.6
1803.371,70.9
1803.455,71.9
1803.538,71.4
1803.623,70.9
1803.707,72.0
1803.790,75.1
1803.874,76.1
1803.958,75.3
1804.042,73.9
1804.124,73.3
1804.206,74.4
1804.290,75.5
1804.373,76.7
1804.456,78.3
1804.540,80.2
1804.624,81.0
1804.708,80.9
1804.791,80.3
1804.874,79.8
1804.958,80.5
1805.042,81.5
1805.123,82.0
1805.204,81.4
1805.288,78.5
1805.371,74.8
1805.455,71.9
1805.538,68.9
1805.623,66.3
1805.707,64.0
1805.790,62.1
1805.874,60.5
1805.958,58.6
1806.042,57.0
1806.123,55.4
1806.204,52.8
1806.288,51.2
1806.371,49.9
1806.455,47.8
1806.538,45.0
1806.623,41.9
1806.707,39.1
1806.790,37.2
1806.874,35.8
1806.958,33.7
1807.042,31.6
1807.123,29.4
1807.204,27.1
1807.288,24.5
1807.371,21.6
1807.455,18.4
1807.538,15.9
1807.623,14.6
1807.707,13.4
1807.790,11.9
1807.874,11.3
1807.958,11.7
1808.042,11.4
1808.124,10.7
1808.206,10.8
1808.290,11.0
1808.373,11.3
1808.456,12.7
1808.540,14.1
1808.624,14.9
1808.708,15.3
1808.791,14.7
1808.874,13.2
1808.958,12.0
1809.042,11.1
1809.123,10.1
1809.204,8.8
1809.288,7.7
1809.371,6.7
1809.455,5.1
1809.538,3.7
1809.623,2.6
1809.707,1.9
1809.790,1.6
1809.874,1.3
1809.958,0.7
1810.042,0.1
1810.123,0.1
1810.204,0.0
1810.288,0.0
1810.371,0.0
1810.455,0.0
1810.538,0.0
1810.623,0.0
1810.707,0.0
1810.790,0.0
1810.874,0.0
1810.958,0.0
1811.042,0.5
1811.123,0.9
1811.204,1.1
1811.288,1.7
1811.371,2.2
1811.455,2.3
1811.538,3.1
1811.623,4.1
1811.707,4.2
1811.790,4.3
1811.874,4.4
1811.958,4.5
1812.042,4.2
1812.124,4.9
1812.206,6.1
1812.290,6.2
1812.373,6.5
1812.456,7.6
1812.540,7.5
1812.624,7.3
1812.708,7.9
1812.791,9.2
1812.874,10.6
1812.958,11.6
1813.042,13.6
1813.123,14.3
1813.204,14.5
1813.288,16.9
1813.371,19.1
1813.455,20.0
1813.538,21.9
1813.623,23.5
1813.707,23.9
1813.790,24.7
1813.874,25.2
1813.958,25.5
1814.042,25.7
1814.123,25.3
1814.204,24.4
1814.288,23.3
1814.371,22.6
1814.455,22.8
1814.538,23.0
1814.623,24.2
1814.707,27.0
1814.790,29.0
1814.874,29.8
1814.958,33.0
1815.042,37.0
1815.123,41.3
1815.204,46.0
1815.288,48.6
1815.371,51.2
1815.455,55.9
1815.538,59.5
1815.623,62.5
1815.707,68.4
1815.790,73.6
1815.874,77.8
1815.958,79.4
1816.042,78.8
1816.124,77.3
1816.206,76.8
1816.290,79.5
1816.373,81.2
1816.456,78.8
1816.540,77.1
1816.624,77.0
1816.708,77.8
1816.791,77.1
1816.874,73.3
1816.958,71.4
1817.042,71.9
1817.123,74.2
1817.204,75.0
1817.288,72.1
1817.371,69.3
1817.455,68.5
1817.538,68.3
1817.623,65.8
1817.707,58.4
1817.790,54.0
1817.874,56.8
1817.958,58.8
1818.042,57.0
1818.123,54.6
1818.204,52.9
1818.288,52.6
1818.371,51.7
1818.455,50.3
1818.538,50.0
1818.623,49.7
1818.707,48.1
1818.790,45.6
1818.874,42.3
1818.958,39.9
1819.042,40.0
1819.123,39.9
1819.204,38.7
1819.288,37.6
1819.371,38.3
1819.455,39.6
1819.538,39.0
1819.623,38.5
1819.707,38.9
1819.790,38.9
1819.874,39.6
1819.958,38.6
1820.042,36.1
1820.124,35.3
1820.206,34.6
1820.290,32.7
1820.373,30.2
1820.456,27.5
1820.540,26.2
1820.624,24.8
1820.708,23.3
1820.791,22.7
1820.874,20.0
1820.958,17.5
1821.042,15.6
1821.123,12.9
1821.204,11.4
1821.288,12.0
1821.371,12.5
1821.455,11.6
1821.538,9.5
1821.623,7.8
1821.707,8.3
1821.790,9.3
1821.874,9.5
1821.958,9.8
1822.042,10.4
1822.123,10.6
1822.204,10.1
1822.288,8.5
1822.371,6.9
1822.455,6.6
1822.538,6.6
1822.623,6.5
1822.707,5.4
1822.790,3.4
1822.874,2.4
1822.958,1.9
1823.042,1.0
1823.123,0.3
1823.204,0.2
1823.288,0.2
1823.371,0.2
1823.455,1.6
1823.538,4.5
1823.623,6.7
1823.707,7.4
1823.790,8.7
1823.874,10.3
1823.958,10.5
1824.042,10.4
1824.124,10.5
1824.206,12.0
1824.290,15.2
1824.373,17.0
1824.456,15.6
1824.540,13.1
1824.624,12.3
1824.708,14.2
1824.791,14.6
1824.874,14.4
1824.958,16.4
1825.042,19.6
1825.123,23.4
1825.204,24.8
1825.288,23.8
1825.371,23.9
1825.455,26.2
1825.538,28.6
1825.623,29.6
1825.707,30.8
1825.790,33.2
1825.874,35.8
1825.958,38.4
1826.042,41.4
1826.123,43.9
1826.204,45.1
1826.288,47.8
1826.371,52.1
1826.455,57.2
1826.538,61.6
1826.623,64.8
1826.707,68.3
1826.790,71.3
1826.874,74.5
1826.958,77.5
1827.042,78.2
1827.123,78.5
1827.204,81.6
1827.288,84.1
1827.371,85.0
1827.455,84.1
1827.538,83.8
1827.623,86.3
1827.707,88.0
1827.790,89.5
1827.874,92.9
1827.958,98.0
1828.042,101.7
1828.124,104.1
1828.206,105.8
1828.290,105.7
1828.373,106.2
1828.456,106.9
1828.540,106.3
1828.624,104.6
1828.708,104.0
1828.791,106.9
1828.874,107.7
1828.958,104.5
1829.042,105.4
1829.123,108.0
1829.204,108.3
1829.288,108.6
1829.371,109.5
1829.455,110.9
1829.538,112.3
1829.623,114.5
1829.707,116.9
1829.790,118.5
1829.874,119.2
1829.958,118.6
1830.042,114.7
1830.123,109.5
1830.204,108.3
1830.288,110.9
1830.371,113.7
1830.455,116.4
1830.538,117.9
1830.623,116.0
1830.707,115.1
1830.790,112.1
1830.874,106.6
1830.958,102.4
1831.042,100.3
1831.123,100.7
1831.204,99.3
1831.288,95.0
1831.371,89.7
1831.455,83.4
1831.538,78.6
1831.623,77.8
1831.707,75.5
1831.790,70.9
1831.874,69.2
1831.958,69.0
1832.042,66.4
1832.124,61.0
1832.206,55.7
1832.290,51.9
1832.373,48.1
1832.456,46.0
1832.540,44.5
1832.624,40.3
1832.708,34.5
1832.791,29.8
1832.874,26.2
1832.958,22.4
1833.042,20.1
1833.123,19.4
1833.204,19.5
1833.288,18.7
1833.371,17.2
1833.455,15.4
1833.538,13.8
1833.623,13.5
1833.707,13.2
1833.790,12.6
1833.874,12.2
1833.958,12.4
1834.042,13.0
1834.123,13.0
1834.204,12.9
1834.288,14.1
1834.371,17.0
1834.455,20.4
1834.538,22.3
1834.623,22.9
1834.707,24.4
1834.790,29.7
1834.874,36.2
1834.958,40.4
1835.042,45.7
1835.123,53.1
1835.204,63.1
1835.288,74.2
1835.371,83.9
1835.455,91.7
1835.538,100.4
1835.623,111.8
1835.707,123.0
1835.790,134.1
1835.874,144.5
1835.958,155.6
1836.042,165.9
1836.124,173.2
1836.206,176.2
1836.290,178.7
1836.373,183.1
1836.456,193.5
1836.540,209.3
1836.624,221.0
1836.708,228.2
1836.791,230.4
1836.874,230.1
1836.958,232.4
1837.042,237.9
1837.123,243.0
1837.204,244.9
1837.288,244.0
1837.371,242.1
1837.455,235.8
1837.538,227.5
1837.623,218.2
1837.707,212.3
1837.790,211.9
1837.874,212.9
1837.958,210.3
1838.042,202.1
1838.123,194.5
1838.204,189.1
1838.288,185.3
1838.371,180.9
1838.455,175.4
1838.538,169.2
1838.623,167.7
1838.707,164.6
1838.790,155.7
1838.874,145.4
1838.958,136.8
1839.042,132.4
1839.123,134.4
1839.204,142.1
1839.288,146.2
1839.371,145.6
1839.455,143.9
1839.538,141.1
1839.623,138.4
1839.707,136.7
1839.790,136.3
1839.874,137.6
1839.958,138.3
1840.042,136.2
1840.124,129.4
1840.206,120.2
1840.290,113.6
1840.373,110.1
1840.456,108.4
1840.540,103.8
1840.624,95.8
1840.708,89.1
1840.791,84.7
1840.874,82.8
1840.958,83.2
1841.042,81.6
1841.123,78.2
1841.204,74.4
1841.288,69.9
1841.371,65.7
1841.455,62.2
1841.538,61.0
1841.623,60.2
1841.707,59.0
1841.790,57.6
1841.874,53.7
1841.958,48.3
1842.042,44.6
1842.123,42.4
1842.204,40.3
1842.288,39.7
1842.371,41.8
1842.455,41.8
1842.538,39.8
1842.623,38.0
1842.707,35.8
1842.790,33.7
1842.874,32.2
1842.958,31.3
1843.042,30.4
1843.123,29.1
1843.204,27.1
1843.288,23.8
1843.371,20.1
1843.455,18.2
1843.538,17.6
1843.623,18.1
1843.707,19.3
1843.790,20.4
1843.874,20.5
1843.958,19.4
1844.042,19.7
1844.124,21.4
1844.206,22.4
1844.290,23.7
1844.373,24.3
1844.456,24.3
1844.540,26.0
1844.624,29.2
1844.708,33.3
1844.791,37.9
1844.874,42.9
1844.958,47.3
1845.042,49.9
1845.123,51.1
1845.204,53.3
1845.288,56.2
1845.371,59.5
1845.455,64.1
1845.538,67.7
1845.623,69.1
1845.707,71.0
1845.790,73.3
1845.874,75.0
1845.958,78.2
1846.042,81.7
1846.123,84.4
1846.204,91.3
1846.288,97.8
1846.371,100.3
1846.455,102.1
1846.538,104.2
1846.623,105.4
1846.707,106.5
1846.790,106.3
1846.874,105.7
1846.958,108.2
1847.042,110.0
1847.123,116.4
1847.204,126.1
1847.288,138.4
1847.371,152.5
1847.455,161.0
1847.538,170.8
1847.623,182.1
1847.707,188.4
1847.790,194.3
1847.874,200.5
1847.958,205.4
1848.042,214.5
1848.124,219.9
1848.206,215.2
1848.290,207.6
1848.373,202.6
1848.456,204.4
1848.540,209.2
1848.624,213.3
1848.708,216.0
1848.791,216.7
1848.874,216.7
1848.958,213.4
1849.042,207.4
1849.123,200.1
1849.204,196.7
1849.288,193.6
1849.371,189.9
1849.455,186.4
1849.538,176.8
1849.623,167.2
1849.707,162.7
1849.790,157.0
1849.874,150.9
1849.958,148.5
1850.042,144.6
1850.123,141.0
1850.204,139.9
1850.288,139.3
1850.371,135.7
1850.455,129.4
1850.538,126.3
1850.623,127.4
1850.707,127.3
1850.790,126.8
1850.874,127.9
1850.958,127.4
1851.042,126.6
1851.123,126.1
1851.204,124.3
1851.288,122.2
1851.371,121.2
1851.455,121.7
1851.538,121.9
1851.623,118.3
1851.707,114.9
1851.790,115.4
1851.874,115.5
1851.958,113.6
1852.042,112.8
1852.124,111.8
1852.206,108.0
1852.290,106.0
1852.373,106.6
1852.456,104.8
1852.540,100.6
1852.624,96.6
1852.708,92.9
1852.791,89.6
1852.874,86.6
1852.958,84.5
1853.042,84.2
1853.123,85.4
1853.204,85.9
1853.288,83.6
1853.371,79.6
1853.455,75.9
1853.538,72.1
1853.623,68.3
1853.707,65.1
1853.790,62.1
1853.874,59.6
1853.958,57.3
1854.042,53.6
1854.123,48.7
1854.204,45.1
1854.288,41.9
1854.371,39.5
1854.455,39.3
1854.538,38.9
1854.623,38.0
1854.707,37.0
1854.790,35.0
1854.874,32.1
1854.958,29.6
1855.042,26.9
1855.123,24.5
1855.204,21.7
1855.288,19.7
1855.371,17.5
1855.455,14.2
1855.538,11.8
1855.623,10.3
1855.707,8.5
1855.790,7.3
1855.874,6.7
1855.958,6.0
1856.042,6.3
1856.124,6.9
1856.206,7.5
1856.290,7.4
1856.373,7.3
1856.456,7.9
1856.540,9.3
1856.624,10.5
1856.708,11.1
1856.791,11.8
1856.874,14.5
1856.958,17.6
1857.042,19.8
1857.123,22.1
1857.204,26.0
1857.288,31.8
1857.371,36.6
1857.455,40.8
1857.538,45.2
1857.623,49.4
1857.707,55.7
1857.790,62.0
1857.874,65.1
1857.958,68.4
1858.042,73.4
1858.123,79.1
1858.204,85.2
1858.288,92.2
1858.371,97.8
1858.455,101.8
1858.538,107.6
1858.623,115.3
1858.707,122.1
1858.790,128.5
1858.874,136.1
1858.958,143.4
1859.042,149.8
1859.123,157.0
1859.204,163.1
1859.288,167.0
1859.371,172.4
1859.455,177.1
1859.538,178.1
1859.623,178.1
1859.707,178.8
1859.790,178.4
1859.874,178.5
1859.958,181.5
1860.042,185.0
1860.124,186.2
1860.206,184.6
1860.290,181.5
1860.373,179.7
1860.456,180.9
1860.540,180.4
1860.624,178.0
1860.708,177.3
1860.791,179.6
1860.874,177.8
1860.958,172.2
1861.042,167.5
1861.123,163.0
1861.204,160.6
1861.288,157.9
1861.371,152.6
1861.455,147.8
1861.538,146.7
1861.623,145.7
1861.707,140.1
1861.790,132.0
1861.874,129.1
1861.958,129.4
1862.042,128.7
1862.123,126.7
1862.204,124.1
1862.288,121.0
1862.371,118.8
1862.455,115.4
1862.538,111.1
1862.623,109.3
1862.707,110.5
1862.790,111.3
1862.874,109.4
1862.958,105.1
1863.042,98.5
1863.123,94.1
1863.204,89.4
1863.288,85.7
1863.371,84.5
1863.455,83.5
1863.538,84.3
1863.623,84.3
1863.707,83.5
1863.790,83.1
1863.874,81.7
1863.958,82.0
1864.042,85.1
1864.124,87.4
1864.206,88.5
1864.290,88.5
1864.373,89.6
1864.456,90.2
1864.540,88.5
1864.624,87.1
1864.708,84.4
1864.791,81.8
1864.874,80.8
1864.958,78.4
1865.042,74.3
1865.123,70.7
1865.204,68.8
1865.288,66.9
1865.371,63.0
1865.455,59.1
1865.538,56.5
1865.623,55.1
1865.707,53.8
1865.790,51.7
1865.874,49.1
1865.958,46.0
1866.042,43.3
1866.123,39.9
1866.204,36.8
1866.288,35.4
1866.371,34.0
1866.455,31.9
1866.538,28.5
1866.623,23.0
1866.707,18.8
1866.790,16.6
1866.874,14.8
1866.958,12.8
1867.042,11.3
1867.123,10.3
1867.204,9.9
1867.288,10.0
1867.371,10.0
1867.455,11.9
1867.538,14.9
1867.623,17.0
1867.707,19.1
1867.790,22.4
1867.874,26.2
1867.958,29.8
1868.042,33.5
1868.124,37.1
1868.206,41.6
1868.290,47.3
1868.373,53.9
1868.456,60.0
1868.540,65.8
1868.624,72.1
1868.708,77.0
1868.791,79.1
1868.874,84.8
1868.958,95.5
1869.042,103.0
1869.123,108.2
1869.204,113.7
1869.288,115.9
1869.371,117.0
1869.455,120.9
1869.538,124.6
1869.623,129.5
1869.707,140.7
1869.790,156.2
1869.874,169.5
1869.958,176.4
1870.042,183.4
1870.123,193.6
1870.204,202.6
1870.288,212.5
1870.371,223.4
1870.455,230.0
1870.538,232.5
1870.623,234.0
1870.707,233.7
1870.790,232.9
1870.874,231.0
1870.958,225.8
1871.042,220.7
1871.123,215.6
1871.204,208.7
1871.288,200.8
1871.371,193.9
1871.455,188.2
1871.538,184.9
1871.623,183.9
1871.707,179.7
1871.790,171.8
1871.874,164.9
1871.958,163.6
1872.042,165.0
1872.124,164.0
1872.206,165.2
1872.290,168.5
1872.373,169.9
1872.456,169.9
1872.540,170.0
1872.624,169.6
1872.708,169.3
1872.791,168.2
1872.874,162.3
1872.958,153.6
1873.042,146.4
1873.123,142.0
1873.204,135.6
1873.288,127.1
1873.371,119.3
1873.455,112.9
1873.538,108.7
1873.623,103.9
1873.707,97.4
1873.790,90.7
1873.874,87.4
1873.958,86.7
1874.042,86.3
1874.123,85.9
1874.204,84.1
1874.288,81.9
1874.371,79.2
1874.455,75.9
1874.538,71.3
1874.623,65.2
1874.707,61.3
1874.790,60.2
1874.874,57.7
1874.958,54.4
1875.042,49.6
1875.123,42.5
1875.204,37.5
1875.288,34.2
1875.371,31.9
1875.455,29.8
1875.538,28.4
1875.623,27.9
1875.707,27.3
1875.790,25.2
1875.874,22.9
1875.958,20.9
1876.042,19.5
1876.124,19.3
1876.206,19.4
1876.290,20.1
1876.373,19.6
1876.456,19.0
1876.540,19.5
1876.624,19.8
1876.708,18.1
1876.791,17.7
1876.874,19.8
1876.958,21.8
1877.042,22.0
1877.123,21.2
1877.204,21.5
1877.288,21.4
1877.371,21.2
1877.455,21.1
1877.538,19.2
1877.623,17.6
1877.707,17.2
1877.790,15.8
1877.874,13.6
1877.958,12.0
1878.042,11.0
1878.123,10.2
1878.204,8.9
1878.288,7.8
1878.371,6.7
1878.455,5.9
1878.538,5.6
1878.623,5.0
1878.707,4.0
1878.790,3.9
1878.874,4.1
1878.958,3.7
1879.042,4.1
1879.123,5.4
1879.204,6.2
1879.288,7.0
1879.371,8.4
1879.455,9.5
1879.538,11.6
1879.623,15.1
1879.707,18.3
1879.790,20.5
1879.874,22.9
1879.958,26.4
1880.042,29.4
1880.124,33.0
1880.206,39.8
1880.290,46.1
1880.373,49.4
1880.456,52.2
1880.540,54.6
1880.624,57.3
1880.708,61.3
1880.791,65.8
1880.874,69.4
1880.958,72.6
1881.042,78.3
1881.123,82.8
1881.204,82.6
1881.288,83.2
1881.371,86.4
1881.455,89.3
1881.538,91.1
1881.623,92.8
1881.707,95.1
1881.790,99.2
1881.874,103.7
1881.958,104.1
1882.042,100.8
1882.123,97.4
1882.204,96.5
1882.288,96.4
1882.371,98.1
1882.455,99.8
1882.538,100.5
1882.623,100.0
1882.707,96.7
1882.790,94.1
1882.874,90.9
1882.958,90.8
1883.042,95.4
1883.123,98.2
1883.204,98.2
1883.288,99.6
1883.371,101.3
1883.455,103.7
1883.538,108.2
1883.623,113.1
1883.707,119.0
1883.790,121.7
1883.874,123.7
1883.958,124.4
1884.042,120.8
1884.124,119.5
1884.206,120.9
1884.290,119.0
1884.373,113.2
1884.456,107.8
1884.540,102.5
1884.624,98.0
1884.708,94.4
1884.791,90.3
1884.874,89.3
1884.958,92.0
1885.042,95.1
1885.123,95.7
1885.204,93.7
1885.288,91.6
1885.371,90.5
1885.455,88.4
1885.538,85.7
1885.623,81.6
1885.707,79.0
1885.790,78.7
1885.874,75.0
1885.958,68.2
1886.042,61.7
1886.123,56.9
1886.204,53.3
1886.288,50.0
1886.371,45.7
1886.455,43.0
1886.538,41.0
1886.623,38.8
1886.707,34.2
1886.790,28.0
1886.874,24.7
1886.958,23.1
1887.042,21.9
1887.123,21.7
1887.204,21.0
1887.288,19.9
1887.371,20.2
1887.455,21.2
1887.538,21.9
1887.623,21.7
1887.707,21.5
1887.790,21.6
1887.874,20.6
1887.958,19.1
1888.042,17.1
1888.124,14.4
1888.206,13.2
1888.290,13.0
1888.373,12.9
1888.456,12.2
1888.540,10.4
1888.624,9.7
1888.708,9.7
1888.791,9.5
1888.874,9.2
1888.958,8.8
1889.042,9.2
1889.123,10.9
1889.204,12.0
1889.288,11.8
1889.371,11.1
1889.455,10.4
1889.538,10.7
1889.623,10.5
1889.707,9.8
1889.790,9.5
1889.874,9.5
1889.958,9.3
1890.042,9.1
1890.123,8.4
1890.204,8.3
1890.288,9.7
1890.371,10.9
1890.455,11.7
1890.538,12.3
1890.623,14.4
1890.707,16.2
1890.790,17.9
1890.874,21.7
1890.958,27.5
1891.042,34.1
1891.123,39.0
1891.204,43.3
1891.288,48.7
1891.371,53.7
1891.455,57.7
1891.538,63.2
1891.623,70.8
1891.707,77.3
1891.790,83.5
1891.874,89.5
1891.958,94.2
1892.042,97.4
1892.124,103.3
1892.206,108.7
1892.290,110.6
1892.373,113.6
1892.456,118.4
1892.540,122.0
1892.624,122.2
1892.708,123.1
1892.791,125.5
1892.874,127.2
1892.958,128.5
1893.042,130.2
1893.123,133.0
1893.204,136.0
1893.288,137.7
1893.371,139.0
1893.455,140.8
1893.538,142.4
1893.623,143.8
1893.707,143.6
1893.790,142.3
1893.874,142.9
1893.958,144.7
1894.042,146.5
1894.123,143.7
1894.204,138.7
1894.288,137.6
1894.371,136.0
1894.455,132.4
1894.538,128.6
1894.623,126.0
1894.707,125.4
1894.790,125.7
1894.874,123.0
1894.958,118.8
1895.042,112.8
1895.123,108.7
1895.204,108.0
1895.288,106.9
1895.371,105.8
1895.455,105.9
1895.538,104.2
1895.623,101.2
1895.707,99.9
1895.790,96.9
1895.874,91.9
1895.958,87.5
1896.042,85.8
1896.124,82.7
1896.206,80.1
1896.290,77.6
1896.373,74.2
1896.456,71.7
1896.540,70.5
1896.624,69.4
1896.708,65.8
1896.791,63.4
1896.874,62.0
1896.958,58.8
1897.042,55.0
1897.123,53.4
1897.204,52.1
1897.288,50.2
1897.371,47.1
1897.455,44.4
1897.538,43.1
1897.623,42.8
1897.707,44.0
1897.790,43.5
1897.874,42.7
1897.958,43.9
1898.042,43.3
1898.123,42.7
1898.204,42.4
1898.288,42.9
1898.371,45.8
1898.455,46.0
1898.538,43.8
1898.623,41.2
1898.707,37.9
1898.790,36.4
1898.874,35.2
1898.958,33.8
1899.042,34.0
1899.123,32.3
1899.204,28.5
1899.288,25.2
1899.371,22.1
1899.455,20.3
1899.538,19.5
1899.623,19.1
1899.707,18.8
1899.790,18.2
1899.874,18.9
1899.958,18.8
1900.042,17.9
1900.123,17.6
1900.204,17.7
1900.288,17.7
1900.371,17.5
1900.455,16.5
1900.538,15.2
1900.623,13.7
1900.707,12.7
1900.790,11.3
1900.874,9.8
1900.958,9.0
1901.042,8.1
1901.123,7.3
1901.204,6.5
1901.288,5.4
1901.371,4.7
1901.455,4.6
1901.538,5.0
1901.623,5.2
1901.707,5.5
1901.790,6.1
1901.874,5.6
1901.958,4.8
1902.042,4.5
1902.123,4.6
1902.204,5.2
1902.288,6.5
1902.371,7.8
1902.455,8.4
1902.538,8.6
1902.623,10.0
1902.707,11.3
1902.790,13.1
1902.874,15.8
1902.958,17.6
1903.042,20.5
1903.123,24.2
1903.204,26.3
1903.288,28.1
1903.371,32.1
1903.455,37.6
1903.538,42.3
1903.623,44.4
1903.707,46.6
1903.790,49.4
1903.874,52.3
1903.958,55.8
1904.042,59.1
1904.124,62.7
1904.206,66.1
1904.290,68.5
1904.373,69.1
1904.456,69.3
1904.540,71.5
1904.624,77.4
1904.708,83.0
1904.791,84.1
1904.874,84.4
1904.958,85.5
1905.042,87.6
1905.123,89.1
1905.204,90.9
1905.288,94.4
1905.371,100.9
1905.455,105.7
1905.538,105.1
1905.623,100.7
1905.707,97.5
1905.790,99.1
1905.874,100.9
1905.958,102.6
1906.042,105.7
1906.123,107.1
1906.204,106.4
1906.288,102.2
1906.371,93.2
1906.455,89.1
1906.538,91.9
1906.623,99.4
1906.707,104.5
1906.790,104.0
1906.874,102.8
1906.958,100.2
1907.042,94.9
1907.123,91.6
1907.204,94.0
1907.288,99.4
1907.371,104.2
1907.455,104.6
1907.538,100.8
1907.623,93.1
1907.707,85.7
1907.790,83.8
1907.874,84.0
1907.958,84.4
1908.042,84.3
1908.124,86.1
1908.206,88.7
1908.290,86.6
1908.373,83.1
1908.456,81.5
1908.540,82.2
1908.624,84.3
1908.708,87.8
1908.791,88.6
1908.874,86.5
1908.958,84.4
1909.042,82.4
1909.123,77.4
1909.204,69.4
1909.288,67.9
1909.371,70.4
1909.455,72.1
1909.538,71.0
1909.623,67.9
1909.707,63.7
1909.790,58.9
1909.874,56.3
1909.958,54.6
1910.042,52.4
1910.123,50.1
1910.204,48.4
1910.288,46.2
1910.371,41.2
1910.455,34.4
1910.538,29.4
1910.623,26.2
1910.707,23.7
1910.790,23.3
1910.874,23.0
1910.958,21.4
1911.042,20.0
1911.123,18.7
1911.204,16.6
1911.288,12.6
1911.371,10.1
1911.455,9.8
1911.538,9.3
1911.623,8.5
1911.707,7.7
1911.790,6.6
1911.874,5.5
1911.958,5.3
1912.042,5.4
1912.124,5.1
1912.206,5.2
1912.290,5.7
1912.373,5.6
1912.456,5.7
1912.540,6.1
1912.624,6.5
1912.708,6.4
1912.791,5.8
1912.874,5.2
1912.958,4.7
1913.042,4.3
1913.123,4.2
1913.204,3.6
1913.288,2.9
1913.371,2.8
1913.455,2.6
1913.538,2.5
1913.623,2.5
1913.707,2.6
1913.790,4.0
1913.874,5.5
1913.958,6.6
1914.042,7.7
1914.123,8.5
1914.204,9.8
1914.288,10.9
1914.371,12.4
1914.455,14.8
1914.538,17.5
1914.623,21.6
1914.707,26.8
1914.790,31.0
1914.874,34.6
1914.958,40.5
1915.042,49.1
1915.123,58.0
1915.204,64.8
1915.288,70.5
1915.371,75.5
1915.455,78.1
1915.538,80.5
1915.623,83.0
1915.707,85.8
1915.790,89.9
1915.874,94.9
1915.958,97.7
1916.042,96.4
1916.124,92.7
1916.206,90.0
1916.290,89.5
1916.373,91.0
1916.456,93.9
1916.540,97.2
1916.624,100.4
1916.708,103.4
1916.791,105.6
1916.874,108.5
1916.958,114.6
1917.042,122.4
1917.123,135.3
1917.204,149.5
1917.288,156.8
1917.371,160.4
1917.455,167.9
1917.538,174.7
1917.623,175.7
1917.707,173.6
1917.790,172.5
1917.874,170.3
1917.958,163.8
1918.042,159.1
1918.123,154.6
1918.204,147.5
1918.288,145.0
1918.371,145.0
1918.455,139.2
1918.538,131.0
1918.623,128.6
1918.707,129.2
1918.790,126.9
1918.874,125.7
1918.958,130.0
1919.042,130.6
1919.123,125.4
1919.204,121.4
1919.288,117.4
1919.371,112.3
1919.455,107.7
1919.538,106.2
1919.623,104.6
1919.707,103.1
1919.790,100.8
1919.874,94.4
1919.958,85.6
1920.042,78.0
1920.124,71.9
1920.206,67.2
1920.290,65.7
1920.373,64.4
1920.456,63.1
1920.540,61.3
1920.624,58.2
1920.708,53.4
1920.791,51.6
1920.874,52.1
1920.958,51.0
1921.042,51.6
1921.123,52.9
1921.204,51.8
1921.288,48.3
1921.371,45.5
1921.455,44.2
1921.538,42.2
1921.623,40.7
1921.707,42.5
1921.790,42.9
1921.874,40.5
1921.958,37.6
1922.042,33.5
1922.123,30.2
1922.204,28.2
1922.288,26.4
1922.371,24.9
1922.455,24.0
1922.538,23.2
1922.623,21.0
1922.707,15.7
1922.790,11.8
1922.874,11.1
1922.958,11.0
1923.042,10.7
1923.123,9.8
1923.204,10.0
1923.288,10.9
1923.371,11.5
1923.455,10.7
1923.538,9.4
1923.623,9.4
1923.707,9.5
1923.790,9.8
1923.874,11.3
1923.958,13.6
1924.042,16.3
1924.124,19.3
1924.206,21.5
1924.290,23.3
1924.373,25.1
1924.456,26.9
1924.540,28.2
1924.624,29.8
1924.708,32.2
1924.791,34.7
1924.874,37.7
1924.958,40.8
1925.042,43.2
1925.123,45.2
1925.204,48.9
1925.288,54.4
1925.371,59.9
1925.455,68.2
1925.538,78.5
1925.623,86.3
1925.707,92.6
1925.790,96.2
1925.874,98.2
1925.958,101.4
1926.042,104.2
1926.123,106.8
1926.204,108.5
1926.288,108.7
1926.371,109.0
1926.455,107.8
1926.538,107.2
1926.623,109.4
1926.707,111.6
1926.790,115.9
1926.874,120.7
1926.958,120.8
1927.042,120.0
1927.123,119.6
1927.204,119.6
1927.288,119.5
1927.371,119.4
1927.455,117.5
1927.538,115.2
1927.623,114.0
1927.707,113.7
1927.790,113.9
1927.874,112.9
1927.958,115.0
1928.042,120.2
1928.124,125.3
1928.206,128.9
1928.290,130.2
1928.373,128.9
1928.456,128.7
1928.540,128.7
1928.624,126.9
1928.708,123.7
1928.791,119.4
1928.874,116.1
1928.958,113.5
1929.042,110.2
1929.123,107.0
1929.204,101.9
1929.288,97.5
1929.371,99.2
1929.455,104.7
1929.538,107.9
1929.623,106.7
1929.707,104.7
1929.790,102.7
1929.874,100.2
1929.958,95.7
1930.042,89.3
1930.123,83.2
1930.204,80.2
1930.288,78.6
1930.371,74.1
1930.455,65.2
1930.538,56.0
1930.623,52.0
1930.707,51.2
1930.790,50.4
1930.874,49.0
1930.958,47.2
1931.042,46.0
1931.123,44.9
1931.204,43.1
1931.288,40.5
1931.371,37.7
1931.455,35.9
1931.538,35.2
1931.623,32.8
1931.707,29.2
1931.790,26.5
1931.874,24.6
1931.958,24.7
1932.042,24.6
1932.124,23.6
1932.206,22.1
1932.290,21.0
1932.373,20.2
1932.456,19.0
1932.540,18.6
1932.624,19.4
1932.708,20.1
1932.791,19.5
1932.874,17.9
1932.958,15.7
1933.042,14.0
1933.123,13.1
1933.204,12.7
1933.288,12.4
1933.371,11.5
1933.455,10.2
1933.538,8.8
1933.623,7.2
1933.707,5.8
1933.790,6.0
1933.874,7.7
1933.958,9.0
1934.042,9.5
1934.123,10.5
1934.204,11.0
1934.288,11.1
1934.371,11.9
1934.455,13.5
1934.538,15.6
1934.623,17.5
1934.707,19.7
1934.790,21.1
1934.874,21.7
1934.958,24.9
1935.042,29.3
1935.123,32.6
1935.204,36.7
1935.288,42.7
1935.371,49.8
1935.455,56.9
1935.538,63.1
1935.623,69.9
1935.707,77.4
1935.790,85.5
1935.874,91.8
1935.958,95.3
1936.042,98.3
1936.124,103.5
1936.206,109.8
1936.290,114.7
1936.373,120.7
1936.456,128.6
1936.540,137.7
1936.624,146.3
1936.708,150.5
1936.791,153.4
1936.874,160.1
1936.958,168.6
1937.042,179.2
1937.123,189.2
1937.204,194.4
1937.288,198.6
1937.371,198.3
1937.455,193.0
1937.538,188.3
1937.623,185.2
1937.707,184.8
1937.790,184.4
1937.874,184.6
1937.958,183.0
1938.042,182.2
1938.123,182.1
1938.204,179.8
1938.288,177.2
1938.371,178.7
1938.455,182.3
1938.538,181.4
1938.623,177.2
1938.707,172.8
1938.790,171.8
1938.874,171.8
1938.958,171.4
1939.042,166.9
1939.123,161.5
1939.204,162.4
1939.288,163.3
1939.371,158.8
1939.455,151.5
1939.538,145.9
1939.623,142.6
1939.707,142.6
1939.790,140.6
1939.874,132.7
1939.958,127.1
1940.042,123.8
1940.124,121.7
1940.206,118.5
1940.290,113.0
1940.373,110.0
1940.456,111.1
1940.540,112.6
1940.624,111.3
1940.708,107.7
1940.791,103.2
1940.874,99.5
1940.958,96.1
1941.042,94.4
1941.123,91.2
1941.204,88.0
1941.288,87.3
1941.371,85.3
1941.455,81.6
1941.538,78.5
1941.623,78.3
1941.707,79.4
1941.790,81.9
1941.874,83.6
1941.958,79.9
1942.042,73.1
1942.123,67.0
1942.204,60.8
1942.288,55.5
1942.371,53.1
1942.455,51.8
1942.538,49.4
1942.623,46.2
1942.707,42.6
1942.790,38.4
1942.874,35.2
1942.958,34.2
1943.042,33.6
1943.123,33.2
1943.204,32.7
1943.288,31.4
1943.371,29.2
1943.455,27.5
1943.538,26.6
1943.623,24.0
1943.707,20.9
1943.790,18.0
1943.874,15.4
1943.958,14.4
1944.042,13.6
1944.124,12.9
1944.206,13.0
1944.290,13.9
1944.373,14.6
1944.456,15.3
1944.540,17.0
1944.624,18.9
1944.708,20.4
1944.791,23.4
1944.874,27.5
1944.958,31.7
1945.042,36.4
1945.123,39.7
1945.204,41.7
1945.288,46.8
1945.371,52.8
1945.455,55.2
1945.538,57.1
1945.623,64.3
1945.707,73.2
1945.790,80.1
1945.874,86.9
1945.958,93.2
1946.042,101.0
1946.123,111.7
1946.204,121.5
1946.288,128.0
1946.371,135.7
1946.455,147.7
1946.538,157.7
1946.623,163.1
1946.707,167.3
1946.790,173.3
1946.874,182.8
1946.958,193.4
1947.042,199.2
1947.123,204.1
1947.204,211.2
1947.288,217.2
1947.371,218.7
1947.455,216.1
1947.538,214.1
1947.623,210.9
1947.707,206.0
1947.790,206.3
1947.874,207.1
1947.958,205.7
1948.042,205.0
1948.124,202.3
1948.206,198.9
1948.290,195.7
1948.373,192.2
1948.456,191.6
1948.540,193.5
1948.624,199.8
1948.708,209.1
1948.791,210.3
1948.874,203.8
1948.958,197.1
1949.042,193.4
1949.123,190.4
1949.204,188.5
1949.288,188.4
1949.371,190.9
1949.455,192.5
1949.538,190.3
1949.623,184.1
1949.707,176.1
1949.790,171.4
1949.874,169.4
1949.958,167.1
1950.042,162.8
1950.123,158.5
1950.204,150.7
1950.288,141.0
1950.371,131.6
1950.455,122.6
1950.538,116.4
1950.623,111.9
1950.707,106.7
1950.790,102.3
1950.874,101.2
1950.958,102.4
1951.042,101.6
1951.123,98.5
1951.204,98.9
1951.288,100.2
1951.371,99.5
1951.455,98.9
1951.538,97.3
1951.623,94.0
1951.707,89.8
1951.790,84.0
1951.874,75.3
1951.958,66.5
1952.042,61.5
1952.124,59.8
1952.206,56.2
1952.290,51.4
1952.373,48.0
1952.456,45.5
1952.540,44.0
1952.624,42.1
1952.708,40.3
1952.791,39.5
1952.874,38.8
1952.958,37.3
1953.042,34.6
1953.123,31.0
1953.204,28.6
1953.288,27.2
1953.371,25.0
1953.455,22.0
1953.538,18.5
1953.623,16.7
1953.707,16.6
1953.790,15.1
1953.874,12.8
1953.958,10.8
1954.042,9.3
1954.123,8.2
1954.204,6.3
1954.288,5.1
1954.371,5.5
1954.455,6.3
1954.538,7.9
1954.623,10.5
1954.707,11.4
1954.790,11.6
1954.874,13.8
1954.958,17.4
1955.042,20.5
1955.123,23.7
1955.204,28.0
1955.288,33.5
1955.371,41.2
1955.455,50.0
1955.538,57.0
1955.623,66.0
1955.707,78.8
1955.790,91.3
1955.874,103.5
1955.958,114.8
1956.042,125.8
1956.124,139.4
1956.206,154.7
1956.290,168.1
1956.373,180.4
1956.456,193.9
1956.540,206.1
1956.624,211.8
1956.708,214.5
1956.791,220.6
1956.874,226.0
1956.958,232.7
1957.042,241.1
1957.123,243.8
1957.204,246.8
1957.288,256.3
1957.371,262.7
1957.455,266.1
1957.538,271.1
1957.623,275.3
1957.707,279.3
1957.790,282.5
1957.874,284.4
1957.958,283.3
1958.042,281.8
1958.123,284.5
1958.204,285.0
1958.288,278.7
1958.371,271.0
1958.455,264.5
1958.538,262.3
1958.623,261.9
1958.707,260.3
1958.790,258.1
1958.874,255.9
1958.958,255.6
1959.042,252.9
1959.123,250.4
1959.204,247.1
1959.288,239.7
1959.371,233.9
1959.455,228.5
1959.538,220.6
1959.623,214.2
1959.707,207.1
1959.790,199.7
1959.874,194.2
1959.958,187.6
1960.042,182.5
1960.124,177.0
1960.206,172.1
1960.290,169.4
1960.373,165.7
1960.456,161.3
1960.540,153.8
1960.624,145.0
1960.708,138.6
1960.791,132.1
1960.874,124.5
1960.958,118.5
1961.042,113.6
1961.123,105.9
1961.204,97.5
1961.288,91.1
1961.371,85.1
1961.455,79.1
1961.538,75.3
1961.623,74.4
1961.707,74.3
1961.790,73.0
1961.874,71.7
1961.958,69.1
1962.042,64.2
1962.123,59.4
1962.204,56.7
1962.288,56.1
1962.371,55.9
1962.455,54.6
1962.538,52.5
1962.623,49.8
1962.707,46.7
1962.790,44.0
1962.874,42.9
1962.958,42.6
1963.042,42.1
1963.123,42.6
1963.204,42.6
1963.288,41.6
1963.371,41.1
1963.455,40.4
1963.538,39.7
1963.623,39.0
1963.707,38.6
1963.790,37.4
1963.874,34.2
1963.958,30.7
1964.042,28.1
1964.124,25.7
1964.206,22.3
1964.290,18.6
1964.373,16.0
1964.456,15.0
1964.540,15.2
1964.624,15.1
1964.708,14.6
1964.791,14.3
1964.874,15.0
1964.958,16.2
1965.042,17.2
1965.123,17.7
1965.204,18.4
1965.288,19.9
1965.371,21.2
1965.455,21.8
1965.538,22.6
1965.623,23.8
1965.707,25.2
1965.790,28.4
1965.874,32.1
1965.958,35.2
1966.042,39.7
1966.123,44.8
1966.204,49.2
1966.288,53.3
1966.371,57.9
1966.455,63.4
1966.538,71.4
1966.623,80.3
1966.707,89.5
1966.790,95.8
1966.874,99.4
1966.958,103.0
1967.042,106.2
1967.123,111.6
1967.204,116.5
1967.288,119.8
1967.371,123.9
1967.455,129.4
1967.538,133.3
1967.623,135.0
1967.707,134.9
1967.790,134.5
1967.874,137.6
1967.958,142.5
1968.042,145.3
1968.124,145.7
1968.206,148.2
1968.290,151.8
1968.373,152.4
1968.456,150.9
1968.540,148.9
1968.624,148.4
1968.708,151.5
1968.791,155.5
1968.874,156.6
1968.958,156.0
1969.042,155.7
1969.123,155.1
1969.204,152.9
1969.288,150.7
1969.371,150.4
1969.455,150.1
1969.538,149.9
1969.623,150.7
1969.707,149.2
1969.790,147.4
1969.874,148.0
1969.958,148.5
1970.042,149.5
1970.123,150.1
1970.204,150.3
1970.288,150.3
1970.371,149.8
1970.455,149.1
1970.538,147.0
1970.623,143.0
1970.707,137.6
1970.790,132.9
1970.874,126.5
1970.958,119.0
1971.042,113.8
1971.123,110.1
1971.204,105.3
1971.288,100.4
1971.371,96.5
1971.455,94.5
1971.538,92.7
1971.623,91.5
1971.707,93.2
1971.790,93.8
1971.874,94.7
1971.958,98.3
1972.042,100.3
1972.124,100.9
1972.206,102.6
1972.290,104.0
1972.373,103.3
1972.456,99.9
1972.540,96.6
1972.624,92.9
1972.708,88.2
1972.791,85.9
1972.874,83.3
1972.958,78.2
1973.042,72.3
1973.123,66.1
1973.204,62.8
1973.288,60.8
1973.371,57.9
1973.455,55.6
1973.538,53.4
1973.623,51.4
1973.707,49.0
1973.790,46.6
1973.874,45.4
1973.958,45.0
1974.042,46.8
1974.123,49.1
1974.204,48.5
1974.288,48.3
1974.371,49.4
1974.455,49.3
1974.538,48.6
1974.623,47.3
1974.707,45.8
1974.790,43.2
1974.874,39.3
1974.958,36.1
1975.042,33.0
1975.123,31.8
1975.204,30.6
1975.288,26.8
1975.371,24.2
1975.455,23.2
1975.538,21.8
1975.623,20.7
1975.707,20.9
1975.790,22.3
1975.874,23.3
1975.958,23.6
1976.042,22.1
1976.124,19.2
1976.206,17.8
1976.290,18.4
1976.373,18.3
1976.456,17.9
1976.540,18.8
1976.624,20.5
1976.708,20.8
1976.791,19.7
1976.874,19.7
1976.958,21.6
1977.042,24.3
1977.123,26.3
1977.204,28.8
1977.288,31.9
1977.371,34.7
1977.455,37.7
1977.538,41.4
1977.623,47.6
1977.707,55.8
1977.790,64.8
1977.874,73.7
1977.958,80.7
1978.042,86.9
1978.123,91.5
1978.204,98.7
1978.288,109.0
1978.371,117.8
1978.455,126.6
1978.538,138.0
1978.623,147.3
1978.707,153.6
1978.790,157.3
1978.874,160.4
1978.958,166.7
1979.042,175.2
1979.123,185.4
1979.204,193.3
1979.288,199.9
1979.371,208.5
1979.455,216.7
1979.538,219.5
1979.623,220.1
1979.707,220.4
1979.790,223.4
1979.874,229.8
1979.958,232.9
1980.042,232.0
1980.124,230.2
1980.206,227.9
1980.290,224.6
1980.373,221.3
1980.456,219.1
1980.540,216.1
1980.624,212.0
1980.708,211.5
1980.791,211.9
1980.874,209.1
1980.958,202.8
1981.042,199.6
1981.123,202.2
1981.204,205.4
1981.288,205.7
1981.371,204.1
1981.455,200.9
1981.538,198.5
1981.623,199.9
1981.707,202.7
1981.790,201.4
1981.874,196.0
1981.958,194.1
1982.042,192.7
1982.123,186.6
1982.204,180.0
1982.288,173.4
1982.371,167.5
1982.455,164.0
1982.538,161.5
1982.623,153.5
1982.707,141.4
1982.790,133.3
1982.874,131.3
1982.958,130.5
1983.042,127.9
1983.123,123.9
1983.204,117.1
1983.288,110.5
1983.371,104.5
1983.455,95.9
1983.538,89.1
1983.623,88.9
1983.707,91.7
1983.790,92.0
1983.874,89.7
1983.958,85.5
1984.042,80.5
1984.124,75.8
1984.206,71.2
1984.290,66.8
1984.373,63.5
1984.456,61.7
1984.540,58.3
1984.624,52.2
1984.708,44.3
1984.791,37.2
1984.874,31.6
1984.958,27.4
1985.042,25.2
1985.123,23.5
1985.204,21.7
1985.288,21.3
1985.371,21.4
1985.455,20.8
1985.538,19.9
1985.623,19.6
1985.707,19.8
1985.790,19.7
1985.874,19.1
1985.958,17.3
1986.042,15.2
1986.123,14.3
1986.204,14.3
1986.288,15.1
1986.371,15.8
1986.455,15.2
1986.538,15.1
1986.623,14.4
1986.707,13.5
1986.790,14.7
1986.874,16.6
1986.958,18.3
1987.042,19.9
1987.123,22.3
1987.204,25.5
1987.288,28.0
1987.371,30.3
1987.455,32.7
1987.538,36.2
1987.623,40.5
1987.707,45.3
1987.790,51.0
1987.874,55.1
1987.958,60.9
1988.042,69.2
1988.124,76.9
1988.206,84.9
1988.290,93.0
1988.373,101.4
1988.456,114.3
1988.540,128.5
1988.624,141.1
1988.708,151.2
1988.791,156.9
1988.874,164.4
1988.958,176.1
1989.042,184.8
1989.123,190.7
1989.204,198.0
1989.288,203.8
1989.371,209.5
1989.455,212.1
1989.538,212.0
1989.623,211.1
1989.707,210.5
1989.790,212.4
1989.874,212.5
1989.958,206.2
1990.042,201.2
1990.123,202.4
1990.204,200.9
1990.288,198.1
1990.371,195.1
1990.455,192.0
1990.538,190.1
1990.623,191.6
1990.707,194.6
1990.790,195.2
1990.874,195.2
1990.958,197.8
1991.042,202.8
1991.123,204.4
1991.204,203.9
1991.288,203.8
1991.371,202.9
1991.455,202.8
1991.538,203.5
1991.623,203.3
1991.707,200.9
1991.790,196.7
1991.874,191.4
1991.958,183.1
1992.042,172.6
1992.124,161.1
1992.206,151.8
1992.290,146.0
1992.373,142.1
1992.456,137.1
1992.540,128.5
1992.624,119.3
1992.708,113.0
1992.791,109.0
1992.874,106.3
1992.958,104.5
1993.042,101.9
1993.123,99.3
1993.204,95.4
1993.288,90.2
1993.371,84.2
1993.455,78.6
1993.538,76.5
1993.623,73.6
1993.707,68.3
1993.790,63.2
1993.874,58.4
1993.958,55.1
1994.042,52.6
1994.123,50.2
1994.204,49.4
1994.288,49.6
1994.371,48.7
1994.455,46.4
1994.538,42.7
1994.623,40.1
1994.707,39.7
1994.790,39.4
1994.874,38.7
1994.958,37.6
1995.042,35.6
1995.123,33.7
1995.204,32.0
1995.288,29.4
1995.371,27.3
1995.455,25.9
1995.538,24.4
1995.623,22.0
1995.707,19.0
1995.790,17.0
1995.874,15.9
1995.958,15.1
1996.042,14.5
1996.124,14.2
1996.206,13.7
1996.290,12.0
1996.373,11.2
1996.456,11.6
1996.540,11.3
1996.624,11.2
1996.708,11.3
1996.791,12.0
1996.874,13.4
1996.958,14.3
1997.042,14.5
1997.123,15.2
1997.204,18.3
1997.288,22.0
1997.371,24.4
1997.455,27.2
1997.538,30.4
1997.623,33.6
1997.707,38.2
1997.790,43.1
1997.874,47.1
1997.958,52.0
1998.042,58.4
1998.123,65.4
1998.204,72.0
1998.288,76.9
1998.371,80.8
1998.455,85.4
1998.538,89.8
1998.623,93.5
1998.707,96.4
1998.790,98.2
1998.874,102.3
1998.958,110.4
1999.042,118.4
1999.123,122.5
1999.204,122.3
1999.288,125.0
1999.371,132.6
1999.455,136.3
1999.538,138.1
1999.623,142.9
1999.707,150.5
1999.790,159.3
1999.874,164.1
1999.958,164.0
2000.042,166.1
2000.124,170.6
2000.206,174.3
2000.290,175.2
2000.373,172.9
2000.456,172.7
2000.540,174.2
2000.624,172.8
2000.708,168.8
2000.791,165.3
2000.874,163.1
2000.958,162.7
2001.042,158.3
2001.123,152.5
2001.204,155.1
2001.288,160.7
2001.371,163.7
2001.455,167.4
2001.538,172.0
2001.623,175.8
2001.707,177.1
2001.790,177.3
2001.874,180.3
2001.958,179.1
2002.042,177.6
2002.123,179.7
2002.204,178.2
2002.288,174.4
2002.371,171.3
2002.455,166.9
2002.538,161.5
2002.623,155.4
2002.707,149.5
2002.790,143.9
2002.874,136.0
2002.958,131.4
2003.042,129.6
2003.123,125.7
2003.204,118.7
2003.288,111.9
2003.371,107.0
2003.455,101.7
2003.538,96.0
2003.623,92.9
2003.707,91.8
2003.790,89.1
2003.874,86.9
2003.958,84.1
2004.042,80.1
2004.124,76.4
2004.206,73.2
2004.290,71.0
2004.373,69.5
2004.456,67.1
2004.540,64.8
2004.624,63.0
2004.708,60.2
2004.791,57.9
2004.874,56.6
2004.958,55.7
2005.042,54.5
2005.123,53.2
2005.204,52.3
2005.288,49.3
2005.371,45.0
2005.455,44.5
2005.538,44.6
2005.623,41.9
2005.707,39.4
2005.790,38.9
2005.874,38.4
2005.958,36.0
2006.042,33.0
2006.123,29.7
2006.204,27.4
2006.288,27.0
2006.371,27.4
2006.455,26.2
2006.538,25.0
2006.623,25.9
2006.707,26.0
2006.790,23.7
2006.874,21.1
2006.958,20.2
2007.042,19.8
2007.123,19.0
2007.204,17.7
2007.288,16.4
2007.371,14.4
2007.455,12.8
2007.538,11.6
2007.623,9.9
2007.707,9.6
2007.790,9.9
2007.874,9.2
2007.958,7.9
2008.042,6.6
2008.124,5.6
2008.206,5.1
2008.290,5.1
2008.373,5.4
2008.456,4.8
2008.540,4.0
2008.624,3.8
2008.708,3.2
2008.791,2.4
2008.874,2.3
2008.958,2.2
2009.042,2.5
2009.123,2.7
2009.204,2.9
2009.288,3.3
2009.371,3.5
2009.455,4.1
2009.538,5.5
2009.623,7.4
2009.707,9.5
2009.790,10.9
2009.874,11.7
2009.958,12.7
2010.042,14.0
2010.123,16.1
2010.204,18.5
2010.288,20.8
2010.371,23.1
2010.455,24.6
2010.538,25.2
2010.623,26.4
2010.707,29.5
2010.790,34.5
2010.874,39.1
2010.958,42.5
2011.042,45.7
2011.123,48.8
2011.204,53.8
2011.288,61.1
2011.371,69.3
2011.455,77.2
2011.538,83.6
2011.623,86.3
2011.707,86.6
2011.790,87.4
2011.874,89.4
2011.958,92.5
2012.042,95.5
2012.124,98.1
2012.206,98.3
2012.290,95.1
2012.373,90.9
2012.456,86.6
2012.540,84.5
2012.624,85.1
2012.708,85.3
2012.791,85.8
2012.874,87.7
2012.958,88.1
2013.042,86.8
2013.123,86.1
2013.204,84.4
2013.288,84.3
2013.371,87.0
2013.455,90.9
2013.538,94.6
2013.623,99.0
2013.707,104.6
2013.790,107.0
2013.874,106.9
2013.958,107.6
2014.042,109.3
2014.123,110.5
2014.204,114.3
2014.288,116.4
2014.371,115.0
2014.455,114.1
2014.538,112.6
2014.623,108.3
2014.707,101.9
2014.790,97.3
2014.874,94.7
2014.958,92.2
2015.042,89.3
2015.123,86.1
2015.204,82.1
2015.288,78.9
2015.371,76.1
2015.455,72.1
2015.538,68.3
2015.623,66.4
2015.707,65.9
2015.790,64.3
2015.874,61.2
2015.958,57.8
2016.042,54.4
2016.124,52.5
2016.206,50.4
2016.288,47.8
2016.373,44.8
2016.455,41.5
2016.540,38.5
2016.624,36.0
2016.706,33.2
2016.791,31.5
2016.873,29.9
2016.958,28.5
2017.042,27.8
2017.122,26.5
2017.204,25.7
2017.286,24.8
2017.371,23.3
2017.453,22.2
2017.538,21.0
2017.623,19.6
2017.705,18.3
2017.790,16.7
2017.873,15.4
2017.958,15.1
2018.042,14.2
2018.122,12.6
2018.204,9.9
2018.286,7.8
2018.371,7.5
2018.453,7.2
2018.538,7.0
2018.623,6.7
2018.705,6.5
2018.790,6.8
2018.873,6.7
2018.958,6.0
2019.042,5.4
2019.122,5.0
2019.204,4.6
2019.286,4.3
2019.371,3.9
2019.453,3.7
2019.538,3.5
2019.623,3.4
2019.705,3.1
2019.790,2.6
2019.873,2.0
2019.958,1.8
2020.042,2.2
2020.124,2.7
2020.206,3.0
2020.288,3.6
2020.373,5.6
2020.455,7.9
2020.540,9.0
2020.624,9.5
2020.706,10.5
2020.791,11.9
2020.873,13.6
2020.958,15.3
2021.042,17.3
2021.122,19.0
2021.204,21.7
2021.286,24.8
2021.371,25.8
2021.453,27.6
2021.538,31.4
2021.623,35.4
2021.705,40.2
2021.790,45.2
2021.873,50.8
2021.958,55.9
2022.042,60.1
2022.122,64.7
2022.204,68.7
2022.286,73.0
2022.371,77.4
2022.453,81.1
2022.538,86.7
2022.623,92.6
2022.705,96.5
2022.790,98.9
2022.873,101.1
2022.958,106.7
2023.042,113.4
2023.122,117.9
2023.204,121.2
