Position-(m)-Run-1,Force-(N)-Run-1,Position-(m)-Run-2,Force-(N)-Run-2,Position-(m)-Run-3,Force-(N)-Run-3,Position-(m)-Run-4,Force-(N)-Run-4,Position-(m)-Run-5,Force-(N)-Run-5,Position-(m)-Run-6,Force-(N)-Run-6
0.0103,0.28,0.0049,0.19,0.0059,0.18,0.0058,0.17,0.0076,0.19,0.0064,0.22
0.0109,0.29,0.0052,0.18,0.0062,0.19,0.0063,0.2,0.008,0.18,0.0068,0.22
0.0116,0.31,0.0056,0.19,0.0064,0.19,0.0068,0.21,0.0084,0.19,0.0073,0.23
0.0124,0.31,0.0059,0.2,0.0067,0.19,0.0073,0.2,0.0087,0.2,0.0076,0.25
0.013,0.33,0.0063,0.2,0.0069,0.19,0.0078,0.23,0.0091,0.2,0.008,0.24
0.0137,0.34,0.0067,0.21,0.0072,0.2,0.0082,0.24,0.0096,0.21,0.0084,0.25
0.0144,0.36,0.007,0.22,0.0074,0.21,0.0089,0.23,0.0099,0.22,0.0089,0.26
0.0152,0.36,0.0074,0.22,0.0078,0.22,0.0093,0.25,0.0104,0.23,0.0092,0.26
0.016,0.38,0.0078,0.23,0.008,0.22,0.0098,0.26,0.0109,0.23,0.0097,0.27
0.0169,0.4,0.0082,0.24,0.0084,0.22,0.0104,0.26,0.0113,0.25,0.0101,0.28
0.0177,0.41,0.0086,0.25,0.0087,0.23,0.0109,0.28,0.0118,0.25,0.0105,0.29
0.0184,0.42,0.0091,0.25,0.0091,0.23,0.0114,0.29,0.0121,0.25,0.011,0.3
0.0194,0.44,0.0095,0.27,0.0093,0.23,0.012,0.29,0.0126,0.28,0.0115,0.3
0.0203,0.45,0.0099,0.27,0.0097,0.25,0.0126,0.3,0.013,0.28,0.012,0.31
0.0212,0.47,0.0104,0.27,0.0101,0.24,0.0131,0.32,0.0135,0.28,0.0125,0.32
0.0221,0.49,0.0108,0.29,0.0104,0.26,0.0137,0.32,0.0139,0.3,0.013,0.33
0.023,0.5,0.0113,0.29,0.0108,0.26,0.0143,0.33,0.0143,0.3,0.0136,0.34
0.0239,0.52,0.0118,0.3,0.0112,0.27,0.0148,0.36,0.0148,0.29,0.0141,0.35
0.0249,0.54,0.0122,0.31,0.0115,0.27,0.0154,0.34,0.0153,0.32,0.0147,0.36
0.0257,0.55,0.0127,0.32,0.0119,0.28,0.0159,0.36,0.0156,0.32,0.0153,0.37
0.0267,0.57,0.0132,0.33,0.0121,0.29,0.0165,0.39,0.0161,0.32,0.0159,0.38
0.0275,0.58,0.0137,0.34,0.0126,0.3,0.0171,0.39,0.0165,0.34,0.0165,0.39
0.0284,0.59,0.0143,0.35,0.013,0.3,0.0177,0.4,0.017,0.35,0.0171,0.4
0.0292,0.61,0.0148,0.36,0.0133,0.31,0.0183,0.42,0.0173,0.35,0.0177,0.4
0.0301,0.63,0.0154,0.37,0.0137,0.32,0.0188,0.42,0.0178,0.36,0.0183,0.42
0.0309,0.64,0.0159,0.38,0.0141,0.32,0.0194,0.42,0.0183,0.37,0.0189,0.43
0.0318,0.65,0.0165,0.39,0.0143,0.33,0.02,0.45,0.0188,0.37,0.0195,0.44
0.0326,0.68,0.0171,0.4,0.0148,0.33,0.0206,0.45,0.0192,0.4,0.0201,0.45
0.0333,0.69,0.0177,0.41,0.0152,0.34,0.0212,0.45,0.0196,0.4,0.0209,0.47
0.0342,0.71,0.0184,0.42,0.0155,0.35,0.0218,0.49,0.0203,0.4,0.0215,0.47
0.035,0.72,0.019,0.43,0.0159,0.36,0.0224,0.48,0.0207,0.42,0.0221,0.49
0.0359,0.74,0.0198,0.45,0.0164,0.36,0.023,0.49,0.0212,0.42,0.0228,0.51
0.0367,0.75,0.0204,0.45,0.0167,0.37,0.0236,0.52,0.0217,0.42,0.0234,0.52
0.0375,0.76,0.0211,0.47,0.0172,0.37,0.0241,0.52,0.0223,0.44,0.0241,0.53
0.0383,0.78,0.0217,0.48,0.0176,0.39,0.0247,0.52,0.0228,0.45,0.0249,0.55
0.0392,0.8,0.0224,0.49,0.0179,0.39,0.0253,0.56,0.0234,0.45,0.0255,0.55
0.04,0.8,0.023,0.51,0.0184,0.4,0.026,0.54,0.024,0.47,0.0262,0.57
0.0407,0.83,0.0238,0.52,0.0189,0.41,0.0266,0.55,0.0247,0.49,0.0269,0.58
0.0416,0.85,0.0244,0.53,0.0194,0.42,0.0272,0.58,0.0253,0.49,0.0276,0.59
0.0424,0.85,0.025,0.54,0.0199,0.42,0.0278,0.58,0.0261,0.51,0.0284,0.6
0.0432,0.88,0.0256,0.55,0.0204,0.43,0.0284,0.58,0.0267,0.52,0.0291,0.63
0.044,0.9,0.0263,0.56,0.0209,0.44,0.0289,0.61,0.0274,0.53,0.0298,0.63
0.0447,0.91,0.0269,0.57,0.0213,0.45,0.0295,0.61,0.0281,0.54,0.0306,0.64
0.0456,0.93,0.0275,0.58,0.0218,0.46,0.03,0.61,0.0287,0.56,0.0312,0.66
0.0463,0.95,0.0281,0.59,0.0223,0.47,0.0306,0.63,0.0295,0.57,0.0319,0.68
0.0472,0.95,0.0287,0.61,0.0228,0.48,0.0312,0.65,0.0302,0.58,0.0326,0.67
0.0479,0.97,0.0293,0.62,0.0234,0.49,0.0318,0.65,0.0308,0.6,0.0333,0.7
0.0486,1,0.0301,0.63,0.024,0.5,0.0325,0.67,0.0315,0.61,0.0341,0.71
0.0495,0.99,0.0307,0.64,0.0246,0.51,0.0332,0.68,0.0323,0.62,0.0348,0.71
0.0502,1.01,0.0313,0.65,0.0251,0.52,0.0338,0.68,0.033,0.63,0.0355,0.74
0.0509,1.03,0.032,0.66,0.0257,0.54,0.0346,0.7,0.0337,0.65,0.0363,0.76
0.0518,1.03,0.0327,0.68,0.0263,0.54,0.0352,0.72,0.0344,0.66,0.037,0.74
0.0525,1.05,0.0333,0.68,0.0269,0.56,0.0358,0.72,0.0353,0.67,0.0377,0.77
0.0532,1.07,0.0341,0.7,0.0275,0.57,0.0365,0.73,0.036,0.7,0.0384,0.78
0.0541,1.08,0.0348,0.72,0.028,0.56,0.0371,0.75,0.0369,0.71,0.0392,0.79
0.0548,1.08,0.0354,0.73,0.0286,0.59,0.0378,0.76,0.0376,0.72,0.0399,0.81
0.0555,1.11,0.0361,0.73,0.0291,0.59,0.0384,0.77,0.0384,0.73,0.0406,0.84
0.0563,1.12,0.0369,0.75,0.0297,0.6,0.0392,0.79,0.0393,0.75,0.0414,0.83
0.057,1.12,0.0375,0.76,0.0303,0.62,0.0399,0.8,0.0401,0.76,0.0421,0.86
0.0577,1.15,0.0382,0.77,0.0309,0.63,0.0405,0.8,0.041,0.78,0.0428,0.89
0.0584,1.15,0.0388,0.79,0.0315,0.63,0.0412,0.83,0.0418,0.8,0.0437,0.88
0.0592,1.16,0.0395,0.8,0.0321,0.64,0.042,0.84,0.0427,0.8,0.0445,0.9
0.0599,1.19,0.0401,0.8,0.0329,0.66,0.0428,0.85,0.0434,0.82,0.0452,0.93
0.0606,1.19,0.0407,0.82,0.0335,0.66,0.0435,0.88,0.0443,0.84,0.0461,0.93
0.0612,1.2,0.0414,0.83,0.0341,0.67,0.0443,0.89,0.045,0.86,0.0469,0.95
0.062,1.23,0.042,0.84,0.0348,0.69,0.045,0.89,0.0458,0.88,0.0478,0.98
0.0627,1.23,0.0426,0.87,0.0354,0.7,0.0456,0.92,0.0466,0.89,0.0485,0.99
0.0633,1.24,0.0432,0.87,0.0361,0.71,0.0463,0.93,0.0473,0.9,0.0494,0.99
0.064,1.26,0.0438,0.87,0.0367,0.73,0.0469,0.93,0.048,0.92,0.0501,1.02
0.0646,1.27,0.0444,0.9,0.0373,0.74,0.0477,0.95,0.0487,0.94,0.0509,1.03
0.0654,1.27,0.045,0.91,0.038,0.75,0.0483,0.97,0.0494,0.94,0.0517,1.03
0.066,1.29,0.0456,0.92,0.0386,0.76,0.049,0.98,0.0501,0.96,0.0524,1.06
0.0666,1.3,0.0461,0.92,0.0392,0.77,0.0496,0.98,0.0508,0.98,0.0531,1.07
0.0673,1.3,0.0467,0.94,0.0398,0.78,0.0502,1.01,0.0515,0.98,0.0538,1.08
0.0679,1.32,0.0472,0.95,0.0403,0.79,0.0508,1.02,0.0521,1,0.0546,1.1
0.0685,1.33,0.0478,0.96,0.0409,0.81,0.0514,1.02,0.0529,1.01,0.0552,1.11
0.0691,1.33,0.0483,0.97,0.0414,0.81,0.0521,1.05,0.0536,1.02,0.0559,1.1
0.0697,1.35,0.0487,0.97,0.0418,0.83,0.0527,1.06,0.0542,1.03,0.0565,1.14
0.0702,1.36,0.0491,0.99,0.0424,0.84,0.0534,1.05,0.0549,1.05,0.0571,1.15
0.0708,1.37,0.0496,0.99,0.0429,0.84,0.0541,1.08,0.0555,1.06,0.0576,1.14
0.0713,1.39,0.05,1.01,0.0434,0.87,0.0547,1.09,0.0563,1.07,0.0583,1.17
0.0719,1.4,0.0504,1.02,0.044,0.87,0.0553,1.09,0.0569,1.09,0.0589,1.18
0.0724,1.4,0.0508,1.02,0.0445,0.87,0.0559,1.11,0.0576,1.08,0.0595,1.18
0.0729,1.41,0.0513,1.03,0.045,0.9,0.0565,1.12,0.0583,1.1,0.06,1.2
0.0735,1.42,0.0518,1.04,0.0455,0.91,0.0571,1.11,0.0589,1.12,0.0606,1.21
0.074,1.43,0.0523,1.05,0.0461,0.9,0.0577,1.14,0.0595,1.12,0.0612,1.21
0.0745,1.45,0.0529,1.06,0.0466,0.92,0.0583,1.16,0.0603,1.14,0.0618,1.23
0.0751,1.46,0.0534,1.07,0.047,0.93,0.0588,1.15,0.0609,1.15,0.0625,1.24
0.0755,1.47,0.0538,1.07,0.0475,0.94,0.0594,1.16,0.0615,1.15,0.0631,1.24
0.076,1.47,0.0543,1.08,0.048,0.95,0.0599,1.18,0.0621,1.16,0.0635,1.25
0.0765,1.47,0.0548,1.09,0.0485,0.97,0.0604,1.17,0.0627,1.19,0.0641,1.27
0.077,1.49,0.0552,1.1,0.0489,0.97,0.061,1.19,0.0633,1.19,0.0646,1.27
0.0775,1.5,0.0557,1.1,0.0494,0.98,0.0615,1.21,0.0639,1.2,0.0652,1.29
0.078,1.51,0.0561,1.11,0.0498,0.99,0.062,1.2,0.0645,1.22,0.0657,1.3
0.0785,1.51,0.0565,1.12,0.0503,1,0.0626,1.22,0.065,1.22,0.0663,1.3
0.0789,1.53,0.057,1.13,0.0508,1,0.0631,1.24,0.0657,1.23,0.0668,1.31
0.0795,1.53,0.0575,1.14,0.0513,1.01,0.0635,1.23,0.0663,1.25,0.0674,1.33
0.08,1.54,0.0578,1.15,0.0518,1.02,0.064,1.24,0.0669,1.26,0.0679,1.34
0.0804,1.55,0.0583,1.15,0.0523,1.03,0.0645,1.26,0.0674,1.27,0.0684,1.34
0.0809,1.55,0.0587,1.16,0.0527,1.04,0.0649,1.25,0.068,1.28,0.0689,1.35
0.0812,1.56,0.0591,1.16,0.0532,1.05,0.0654,1.25,0.0686,1.29,0.0694,1.36
0.0817,1.57,0.0594,1.17,0.0537,1.05,0.0657,1.28,0.0692,1.29,0.0698,1.37
0.0821,1.57,0.0597,1.18,0.0542,1.06,0.0661,1.28,0.0698,1.31,0.0703,1.38
0.0826,1.58,0.06,1.18,0.0546,1.07,0.0665,1.28,0.0703,1.32,0.0708,1.39
0.0829,1.59,0.0603,1.18,0.0551,1.08,0.0668,1.31,0.0709,1.32,0.0713,1.39
0.0833,1.59,0.0605,1.19,0.0555,1.08,0.0672,1.29,0.0714,1.35,0.0718,1.4
0.0837,1.61,0.0608,1.19,0.0559,1.09,0.0674,1.29,0.072,1.34,0.0723,1.42
0.084,1.61,0.0609,1.2,0.0564,1.1,0.0678,1.32,0.0725,1.36,0.0728,1.42
0.0844,1.61,0.0611,1.21,0.0569,1.11,0.068,1.31,0.073,1.37,0.0732,1.42
0.0848,1.62,0.0614,1.2,0.0574,1.12,0.0683,1.31,0.0736,1.38,0.0736,1.43
0.085,1.62,0.0615,1.21,0.0578,1.12,0.0685,1.33,0.0741,1.38,0.0741,1.44
0.0852,1.62,0.0616,1.21,0.0583,1.13,0.0688,1.33,0.0746,1.4,0.0745,1.44
0.0855,1.63,0.0617,1.21,0.0588,1.14,0.069,1.33,0.0751,1.4,0.0748,1.46
0.0856,1.64,0.0617,1.21,0.0593,1.16,0.0692,1.35,0.0755,1.41,0.0753,1.47
0.0859,1.63,0.0617,1.21,0.0598,1.15,0.0694,1.35,0.076,1.42,0.0757,1.47
0.086,1.63,0.0617,1.21,0.0603,1.17,0.0696,1.33,0.0765,1.43,0.076,1.48
0.0861,1.65,0.0617,1.21,0.0608,1.18,0.0697,1.34,0.077,1.43,0.0764,1.5
0.0862,1.64,0.0617,1.21,0.0611,1.18,0.07,1.35,0.0774,1.44,0.0768,1.48
0.0862,1.64,0.0617,1.21,0.0617,1.19,0.0701,1.34,0.0779,1.45,0.0771,1.49
0.0863,1.65,0.0617,1.21,0.0622,1.2,0.0702,1.36,0.0782,1.45,0.0775,1.51
0.0863,1.65,0.0617,1.22,0.0627,1.21,0.0703,1.36,0.0787,1.47,0.0777,1.5
0.0865,1.65,0.0617,1.21,0.0633,1.22,0.0705,1.35,0.0791,1.48,0.0781,1.51
0.0865,1.65,0.0617,1.21,0.0638,1.23,0.0705,1.36,0.0795,1.48,0.0783,1.53
0.0865,1.65,0.0617,1.21,0.0643,1.23,0.0706,1.37,0.0799,1.49,0.0786,1.52
0.0865,1.65,0.0617,1.21,0.0648,1.25,0.0707,1.36,0.0803,1.5,0.0788,1.53
0.0865,1.65,0.0617,1.21,0.0654,1.26,0.0707,1.36,0.0805,1.5,0.0792,1.54
0.0865,1.65,0.0617,1.22,0.0658,1.26,0.0707,1.37,0.0809,1.51,0.0794,1.54
0.0865,1.64,0.0617,1.22,0.0663,1.28,0.0707,1.36,0.0812,1.51,0.0797,1.54
0.0865,1.65,0.0616,1.21,0.0668,1.28,0.0708,1.36,0.0815,1.51,0.0799,1.56
0.0865,1.65,0.0616,1.21,0.0673,1.29,0.0708,1.37,0.0817,1.52,0.08,1.55
0.0865,1.64,0.0616,1.21,0.0678,1.29,0.0708,1.37,0.082,1.53,0.0803,1.55
0.0865,1.65,0.0616,1.2,0.0683,1.31,0.0708,1.36,0.0823,1.53,0.0805,1.56
0.0865,1.65,0.0615,1.21,0.0688,1.31,0.0708,1.37,0.0825,1.53,0.0806,1.56
0.0865,1.65,0.0615,1.2,0.0692,1.32,0.0708,1.37,0.0827,1.53,0.0808,1.56
0.0865,1.65,0.0615,1.21,0.0697,1.34,0.0707,1.36,0.0828,1.54,0.0809,1.57
0.0865,1.65,0.0615,1.22,0.0702,1.34,0.0707,1.37,0.0829,1.54,0.081,1.57
0.0865,1.65,0.0615,1.21,0.0707,1.35,0.0706,1.37,0.0831,1.54,0.0811,1.57
0.0865,1.66,0.0614,1.21,0.0711,1.37,0.0706,1.35,0.0831,1.55,0.0812,1.58
0.0865,1.65,0.0614,1.22,0.0715,1.37,0.0705,1.36,0.0831,1.54,0.0814,1.57
0.0865,1.65,0.0614,1.21,0.072,1.38,0.0703,1.37,0.0831,1.54,0.0814,1.57
0.0865,1.66,0.0614,1.21,0.0724,1.39,0.0702,1.36,0.0831,1.55,0.0815,1.58
0.0865,1.65,0.0614,1.21,0.0729,1.39,0.0702,1.35,0.0829,1.54,0.0815,1.57
0.0865,1.65,0.0612,1.2,0.0732,1.4,0.0701,1.36,0.0829,1.54,0.0816,1.57
0.0865,1.65,0.0612,1.2,0.0736,1.41,0.0698,1.35,0.0828,1.54,0.0816,1.58
0.0865,1.65,0.0612,1.21,0.0741,1.42,0.0697,1.34,0.0826,1.53,0.0816,1.58
0.0865,1.65,0.0612,1.2,0.0745,1.42,0.0696,1.35,0.0823,1.53,0.0817,1.57
0.0865,1.65,0.0612,1.2,0.0748,1.43,0.0695,1.35,0.0821,1.53,0.0817,1.59
0.0865,1.65,0.0612,1.21,0.0752,1.43,0.0692,1.33,0.0819,1.52,0.0817,1.58
0.0865,1.65,0.0611,1.2,0.0755,1.43,0.0691,1.34,0.0816,1.51,0.0817,1.57
0.0863,1.64,0.0611,1.19,0.0759,1.45,0.0689,1.33,0.0812,1.51,0.0817,1.58
0.0863,1.64,0.0611,1.21,0.0762,1.45,0.0686,1.31,0.0809,1.5,0.0817,1.57
0.0863,1.65,0.061,1.2,0.0765,1.45,0.0684,1.33,0.0805,1.5,0.0817,1.58
0.0862,1.64,0.061,1.2,0.0768,1.46,0.0681,1.32,0.0802,1.49,0.0817,1.58
0.0862,1.64,0.0609,1.2,0.077,1.46,0.0678,1.31,0.0798,1.48,0.0817,1.58
0.0862,1.64,0.0609,1.19,0.0771,1.47,0.0675,1.3,0.0793,1.47,0.0817,1.57
0.0861,1.64,0.0608,1.2,0.0774,1.48,0.0672,1.3,0.0788,1.47,0.0817,1.57
0.0861,1.64,0.0608,1.2,0.0776,1.47,0.0669,1.28,0.0783,1.46,0.0816,1.57
0.086,1.63,0.0606,1.19,0.0777,1.48,0.0666,1.29,0.0779,1.45,0.0816,1.57
0.0859,1.63,0.0605,1.19,0.0779,1.49,0.0662,1.28,0.0772,1.43,0.0816,1.57
0.0857,1.63,0.0604,1.2,0.078,1.48,0.0658,1.27,0.0766,1.43,0.0816,1.57
0.0856,1.63,0.0603,1.19,0.0781,1.49,0.0654,1.27,0.076,1.41,0.0815,1.57
0.0855,1.63,0.0601,1.18,0.0782,1.49,0.065,1.27,0.0754,1.41,0.0815,1.57
0.0854,1.62,0.06,1.18,0.0782,1.48,0.0645,1.25,0.0748,1.4,0.0815,1.57
0.0851,1.62,0.0599,1.17,0.0783,1.49,0.064,1.24,0.0742,1.38,0.0814,1.57
0.085,1.63,0.0597,1.17,0.0783,1.49,0.0635,1.24,0.0735,1.37,0.0812,1.57
0.0848,1.61,0.0595,1.17,0.0783,1.49,0.0631,1.23,0.0728,1.37,0.0812,1.57
0.0845,1.61,0.0593,1.16,0.0783,1.49,0.0626,1.22,0.0722,1.34,0.0811,1.57
0.0844,1.61,0.0591,1.16,0.0782,1.49,0.062,1.22,0.0714,1.33,0.081,1.57
0.0842,1.6,0.0589,1.16,0.0782,1.49,0.0615,1.19,0.0707,1.33,0.0809,1.56
0.0838,1.59,0.0587,1.15,0.0781,1.49,0.0609,1.19,0.07,1.31,0.0808,1.56
0.0835,1.59,0.0584,1.15,0.0781,1.49,0.0604,1.19,0.0692,1.29,0.0806,1.56
0.0833,1.59,0.0582,1.15,0.078,1.48,0.0598,1.16,0.0684,1.28,0.0805,1.55
0.0829,1.59,0.058,1.14,0.078,1.48,0.0592,1.16,0.0677,1.26,0.0804,1.56
0.0827,1.59,0.0578,1.14,0.0779,1.49,0.0586,1.16,0.0668,1.25,0.0803,1.55
0.0823,1.57,0.0575,1.14,0.0777,1.48,0.058,1.14,0.0661,1.24,0.0802,1.55
0.082,1.57,0.0572,1.13,0.0777,1.48,0.0574,1.12,0.0654,1.23,0.08,1.55
0.0817,1.57,0.057,1.13,0.0776,1.47,0.0568,1.12,0.0645,1.21,0.0799,1.55
0.0814,1.56,0.0568,1.12,0.0775,1.48,0.056,1.1,0.0638,1.21,0.0797,1.54
0.081,1.54,0.0565,1.11,0.0774,1.48,0.0554,1.08,0.0629,1.18,0.0795,1.54
0.0806,1.54,0.0561,1.11,0.0772,1.47,0.0547,1.09,0.0621,1.16,0.0794,1.53
0.0803,1.53,0.0559,1.11,0.0771,1.48,0.0541,1.07,0.0614,1.15,0.0793,1.53
0.0799,1.53,0.0555,1.1,0.077,1.47,0.0535,1.04,0.0605,1.14,0.0791,1.53
0.0795,1.53,0.0553,1.1,0.0769,1.46,0.0529,1.05,0.0597,1.12,0.0789,1.53
0.0792,1.51,0.0549,1.09,0.0768,1.47,0.0521,1.03,0.0589,1.11,0.0787,1.52
0.0788,1.51,0.0546,1.08,0.0766,1.46,0.0515,1.02,0.0581,1.09,0.0786,1.53
0.0785,1.51,0.0542,1.08,0.0765,1.46,0.0508,1.01,0.0572,1.08,0.0783,1.52
0.078,1.5,0.0538,1.07,0.0763,1.45,0.0502,1,0.0565,1.07,0.0782,1.51
0.0776,1.48,0.0535,1.06,0.0762,1.44,0.0495,0.97,0.0557,1.05,0.078,1.51
0.0771,1.48,0.053,1.06,0.0759,1.44,0.0489,0.97,0.0549,1.04,0.0777,1.51
0.0768,1.47,0.0526,1.05,0.0758,1.44,0.0481,0.95,0.0541,1.02,0.0775,1.5
0.0764,1.46,0.0521,1.04,0.0755,1.44,0.0474,0.93,0.0532,1.01,0.0772,1.5
0.0759,1.47,0.0517,1.03,0.0753,1.44,0.0468,0.94,0.0525,0.99,0.0771,1.5
0.0754,1.45,0.0511,1.03,0.0751,1.43,0.0461,0.92,0.0517,0.97,0.0768,1.48
0.0749,1.43,0.0506,1.01,0.0748,1.42,0.0454,0.9,0.0509,0.96,0.0765,1.48
0.0746,1.43,0.05,1,0.0746,1.42,0.0447,0.89,0.0501,0.95,0.0763,1.48
0.0741,1.41,0.0495,0.99,0.0742,1.4,0.044,0.89,0.0494,0.94,0.076,1.46
0.0736,1.41,0.0489,0.97,0.074,1.41,0.0434,0.86,0.0486,0.92,0.0757,1.47
0.073,1.41,0.0483,0.96,0.0737,1.41,0.0427,0.85,0.0479,0.9,0.0754,1.47
0.0725,1.4,0.0477,0.96,0.0735,1.4,0.042,0.84,0.047,0.89,0.0751,1.46
0.072,1.39,0.0469,0.95,0.0731,1.4,0.0414,0.82,0.0464,0.88,0.0748,1.45
0.0715,1.38,0.0463,0.93,0.0729,1.39,0.0406,0.8,0.0456,0.85,0.0745,1.45
0.0709,1.37,0.0457,0.92,0.0725,1.38,0.04,0.8,0.045,0.85,0.0741,1.43
0.0705,1.37,0.045,0.9,0.0723,1.39,0.0393,0.78,0.0443,0.83,0.0738,1.43
0.0698,1.36,0.0444,0.89,0.0719,1.38,0.0387,0.77,0.0435,0.82,0.0734,1.43
0.0694,1.34,0.0437,0.88,0.0717,1.37,0.038,0.76,0.0428,0.8,0.0731,1.42
0.0688,1.33,0.043,0.86,0.0713,1.37,0.0372,0.75,0.0421,0.79,0.0726,1.41
0.0681,1.32,0.0423,0.85,0.0709,1.36,0.0366,0.74,0.0415,0.78,0.0723,1.42
0.0675,1.31,0.0416,0.84,0.0706,1.35,0.0359,0.73,0.0407,0.77,0.0719,1.4
0.0669,1.3,0.041,0.82,0.0702,1.34,0.0352,0.71,0.0401,0.75,0.0715,1.39
0.0663,1.29,0.0403,0.81,0.0698,1.33,0.0346,0.69,0.0394,0.74,0.0711,1.39
0.0657,1.27,0.0397,0.81,0.0695,1.33,0.0338,0.68,0.0387,0.74,0.0707,1.37
0.065,1.27,0.0389,0.78,0.0691,1.31,0.0332,0.67,0.0381,0.72,0.0703,1.36
0.0644,1.26,0.0383,0.77,0.0686,1.32,0.0325,0.66,0.0373,0.71,0.0698,1.36
0.0638,1.24,0.0376,0.77,0.0681,1.3,0.0319,0.65,0.0367,0.7,0.0695,1.35
0.0631,1.24,0.037,0.75,0.0678,1.29,0.0313,0.64,0.0361,0.68,0.069,1.34
0.0623,1.23,0.0363,0.74,0.0673,1.29,0.0307,0.62,0.0354,0.67,0.0686,1.34
0.0617,1.21,0.0357,0.72,0.0668,1.28,0.03,0.61,0.0348,0.66,0.0681,1.32
0.061,1.19,0.0349,0.71,0.0663,1.26,0.0293,0.61,0.0341,0.64,0.0678,1.31
0.0604,1.19,0.0343,0.69,0.0657,1.26,0.0287,0.6,0.0335,0.64,0.0673,1.31
0.0597,1.17,0.0336,0.69,0.0651,1.25,0.0281,0.58,0.0329,0.62,0.0668,1.3
0.0589,1.15,0.033,0.68,0.0645,1.23,0.0275,0.58,0.0323,0.61,0.0663,1.29
0.0582,1.16,0.0323,0.66,0.064,1.24,0.027,0.57,0.0316,0.6,0.0658,1.29
0.0575,1.13,0.0316,0.66,0.0634,1.22,0.0264,0.55,0.031,0.59,0.0655,1.28
0.0568,1.11,0.0309,0.64,0.0627,1.2,0.026,0.55,0.0304,0.58,0.065,1.26
0.056,1.11,0.0303,0.62,0.0621,1.19,0.0255,0.54,0.0298,0.57,0.0645,1.27
0.0552,1.1,0.0297,0.62,0.0615,1.19,0.025,0.52,0.0292,0.57,0.064,1.26
0.0544,1.08,0.0291,0.61,0.0608,1.16,0.0245,0.52,0.0286,0.55,0.0635,1.24
0.0536,1.07,0.0285,0.59,0.06,1.16,0.024,0.51,0.0281,0.54,0.0631,1.24
0.0529,1.05,0.0279,0.59,0.0593,1.15,0.0235,0.49,0.0275,0.53,0.0626,1.23
0.052,1.03,0.0273,0.57,0.0587,1.13,0.023,0.49,0.027,0.53,0.0621,1.22
0.0512,1.02,0.0267,0.56,0.058,1.12,0.0226,0.48,0.0266,0.51,0.0616,1.21
0.0503,1,0.0261,0.56,0.0572,1.11,0.0221,0.46,0.026,0.51,0.0611,1.21
0.0495,0.99,0.0255,0.55,0.0564,1.09,0.0217,0.47,0.0255,0.5,0.0606,1.19
0.0486,0.98,0.0249,0.53,0.0557,1.08,0.0212,0.47,0.025,0.49,0.06,1.18
0.0478,0.95,0.0243,0.53,0.0549,1.07,0.0209,0.45,0.0245,0.48,0.0595,1.17
0.0468,0.94,0.0236,0.51,0.0541,1.05,0.0204,0.45,0.0241,0.46,0.0591,1.16
0.046,0.92,0.023,0.5,0.0534,1.03,0.02,0.44,0.0236,0.45,0.0586,1.16
0.045,0.9,0.0226,0.5,0.0525,1.02,0.0196,0.42,0.0232,0.46,0.0581,1.14
0.044,0.88,0.0219,0.47,0.0518,1.01,0.0193,0.42,0.0228,0.44,0.0575,1.14
0.043,0.86,0.0215,0.46,0.0509,0.99,0.0189,0.42,0.0224,0.43,0.057,1.13
0.0422,0.85,0.0209,0.46,0.0501,0.98,0.0186,0.41,0.0221,0.44,0.0564,1.13
0.0412,0.83,0.0204,0.45,0.0494,0.96,0.0182,0.41,0.0217,0.42,0.0559,1.11
0.0403,0.81,0.0198,0.44,0.0485,0.95,0.0178,0.41,0.0213,0.42,0.0554,1.11
0.0394,0.79,0.0193,0.43,0.0477,0.93,0.0175,0.39,0.021,0.42,0.0548,1.1
0.0384,0.78,0.0188,0.42,0.0468,0.92,0.0171,0.38,0.0206,0.41,0.0543,1.09
0.0376,0.76,0.0182,0.41,0.046,0.9,0.0167,0.38,0.0203,0.4,0.0538,1.08
0.0366,0.74,0.0177,0.41,0.0451,0.89,0.0164,0.36,0.0199,0.4,0.0532,1.06
0.0357,0.73,0.0172,0.4,0.0443,0.85,0.0161,0.37,0.0196,0.39,0.0527,1.06
0.0348,0.71,0.0167,0.38,0.0434,0.85,0.0158,0.37,0.0193,0.38,0.0523,1.05
0.034,0.69,0.0162,0.38,0.0424,0.84,0.0155,0.36,0.019,0.38,0.0517,1.04
0.0331,0.68,0.0159,0.37,0.0416,0.81,0.0153,0.35,0.0187,0.37,0.0512,1.04
0.0323,0.67,0.0154,0.37,0.0409,0.8,0.0149,0.36,0.0184,0.37,0.0506,1.03
0.0314,0.65,0.0149,0.36,0.04,0.78,0.0147,0.34,0.0181,0.37,0.0501,1.01
0.0306,0.63,0.0146,0.35,0.0392,0.76,0.0144,0.34,0.0178,0.36,0.0496,1.01
0.0297,0.63,0.0141,0.34,0.0384,0.75,0.0142,0.33,0.0176,0.35,0.0491,0.99
0.029,0.6,0.0137,0.33,0.0376,0.74,0.0138,0.33,0.0173,0.36,0.0486,0.98
0.0281,0.59,0.0133,0.33,0.0369,0.73,0.0136,0.32,0.0171,0.35,0.048,0.98
0.0274,0.58,0.0131,0.32,0.0361,0.71,0.0133,0.32,0.0169,0.34,0.0475,0.97
0.0266,0.57,0.0127,0.32,0.0353,0.69,0.0131,0.31,0.0166,0.35,0.047,0.95
0.0258,0.55,0.0125,0.31,0.0346,0.69,0.0129,0.3,0.0165,0.33,0.0466,0.94
0.025,0.55,0.0122,0.3,0.0338,0.67,0.0126,0.31,0.0162,0.33,0.0461,0.93
0.0243,0.53,0.012,0.3,0.0331,0.65,0.0124,0.3,0.016,0.34,0.0456,0.91
0.0234,0.51,0.0118,0.3,0.0325,0.65,0.0121,0.29,0.0158,0.32,0.0451,0.91
0.0227,0.51,0.0115,0.29,0.0318,0.64,0.0119,0.29,0.0155,0.32,0.0446,0.9
0.0219,0.48,0.0113,0.29,0.0312,0.62,0.0116,0.29,0.0153,0.32,0.044,0.89
0.0212,0.46,0.011,0.28,0.0304,0.62,0.0114,0.28,0.015,0.31,0.0435,0.87
0.0205,0.46,0.0108,0.28,0.0298,0.61,0.0112,0.29,0.0148,0.31,0.043,0.88
0.0199,0.44,0.0107,0.28,0.0292,0.59,0.0109,0.28,0.0146,0.3,0.0426,0.86
0.0192,0.43,0.0104,0.27,0.0286,0.58,0.0107,0.27,0.0144,0.29,0.042,0.85
0.0184,0.42,0.0103,0.27,0.0281,0.58,0.0104,0.27,0.0142,0.29,0.0415,0.85
0.0178,0.41,0.0101,0.27,0.0275,0.56,0.0102,0.26,0.0139,0.29,0.041,0.83
0.0172,0.4,0.0099,0.26,0.0269,0.54,0.0099,0.26,0.0137,0.29,0.0404,0.82
0.0165,0.4,0.0098,0.26,0.0264,0.55,0.0098,0.27,0.0135,0.27,0.0399,0.81
0.0159,0.38,0.0097,0.25,0.0258,0.53,0.0097,0.26,0.0132,0.28,0.0394,0.8
0.0153,0.36,0.0096,0.25,0.0252,0.51,0.0096,0.25,0.013,0.27,0.0388,0.79
0.0147,0.36,0.0095,0.25,0.0247,0.51,0.0095,0.25,0.0127,0.26,0.0383,0.78
0.0142,0.34,0.0093,0.26,0.0243,0.49,0.0093,0.26,0.0125,0.26,0.0378,0.77
0.0136,0.33,0.0092,0.25,0.0236,0.49,0.0092,0.25,0.0122,0.25,0.0372,0.75
0.0131,0.32,0.0091,0.25,0.0232,0.49,0.0092,0.25,0.0119,0.25,0.0366,0.75
0.0126,0.32,0.009,0.25,0.0227,0.47,0.0091,0.25,0.0116,0.25,0.0361,0.74
0.0121,0.31,0.0089,0.24,0.0221,0.45,0.0091,0.24,0.0114,0.24,0.0357,0.72
0.0116,0.31,0.0087,0.24,0.0216,0.45,0.0091,0.25,0.011,0.24,0.035,0.73
0.0112,0.3,0.0085,0.24,0.0211,0.44,0.009,0.24,0.0108,0.24,0.0346,0.71
0.0108,0.28,0.0084,0.24,0.0206,0.42,0.009,0.24,0.0105,0.23,0.034,0.7
0.0104,0.28,0.0082,0.23,0.02,0.42,0.009,0.25,0.0103,0.22,0.0335,0.7
0.0101,0.27,0.0081,0.23,0.0195,0.41,0.0089,0.24,0.0101,0.22,0.033,0.68
0.0097,0.27,0.008,0.23,0.019,0.4,0.0089,0.23,0.0098,0.21,0.0324,0.67
0.0093,0.25,0.0079,0.22,0.0186,0.4,0.0087,0.24,0.0097,0.22,0.0319,0.67
0.0091,0.25,0.0078,0.23,0.0181,0.38,0.0087,0.24,,,0.0314,0.66
0.0087,0.24,0.0076,0.22,0.0176,0.38,0.0087,0.23,,,0.0309,0.64
0.0084,0.24,0.0075,0.21,0.0171,0.37,0.0086,0.23,,,0.0303,0.64
0.0081,0.24,0.0073,0.22,0.0166,0.37,0.0086,0.23,,,0.0298,0.63
0.0078,0.23,0.0072,0.21,0.0162,0.35,0.0085,0.23,,,0.0293,0.62
0.0075,0.23,0.007,0.21,0.0158,0.36,0.0084,0.24,,,0.0287,0.61
0.0073,0.22,0.0069,0.2,0.0154,0.34,0.0082,0.23,,,0.0283,0.6
0.0069,0.21,0.0068,0.2,0.0149,0.33,0.0082,0.22,,,0.0278,0.59
0.0067,0.21,0.0067,0.2,0.0146,0.33,0.0081,0.22,,,0.0273,0.59
0.0064,0.2,0.0065,0.21,0.0142,0.32,0.008,0.22,,,0.0267,0.57
0.0062,0.19,0.0064,0.2,0.0138,0.31,,,,,0.0262,0.57
0.0058,0.19,0.0063,0.2,0.0135,0.31,,,,,0.0257,0.56
0.0056,0.19,0.0062,0.2,0.0131,0.3,,,,,0.0252,0.55
0.0053,0.18,0.0062,0.19,0.0129,0.29,,,,,0.0247,0.54
0.005,0.18,0.0061,0.18,0.0125,0.29,,,,,0.0243,0.54
0.0047,0.18,0.0059,0.19,0.0122,0.29,,,,,0.0238,0.53
0.0045,0.17,0.0058,0.19,0.0119,0.27,,,,,0.0233,0.52
0.0042,0.17,0.0057,0.18,0.0116,0.27,,,,,0.0228,0.51
0.004,0.16,0.0057,0.19,0.0114,0.26,,,,,0.0223,0.5
0.0038,0.16,0.0056,0.18,0.011,0.26,,,,,0.0218,0.48
0.0036,0.16,0.0056,0.18,0.0108,0.26,,,,,0.0213,0.49
0.0034,0.15,0.0056,0.18,0.0105,0.25,,,,,0.021,0.47
0.0033,0.15,0.0055,0.18,0.0102,0.24,,,,,0.0205,0.46
0.0032,0.16,0.0055,0.18,0.0099,0.24,,,,,0.0201,0.46
,,,,,,,,,,0.0196,0.44
,,,,,,,,,,0.0193,0.44
,,,,,,,,,,0.0189,0.43
,,,,,,,,,,0.0186,0.42
,,,,,,,,,,0.0182,0.42
,,,,,,,,,,0.0178,0.42
,,,,,,,,,,0.0175,0.42
,,,,,,,,,,0.0171,0.4
,,,,,,,,,,0.0167,0.4
,,,,,,,,,,0.0165,0.39
,,,,,,,,,,0.0161,0.38
,,,,,,,,,,0.0158,0.38
,,,,,,,,,,0.0155,0.37
,,,,,,,,,,0.0152,0.37
,,,,,,,,,,0.0149,0.36
,,,,,,,,,,0.0147,0.35
,,,,,,,,,,0.0143,0.36
,,,,,,,,,,0.0141,0.35
,,,,,,,,,,0.0138,0.34
,,,,,,,,,,0.0135,0.34
,,,,,,,,,,0.0132,0.33
,,,,,,,,,,0.013,0.33
,,,,,,,,,,0.0126,0.32
,,,,,,,,,,0.0124,0.31
,,,,,,,,,,0.0121,0.31
,,,,,,,,,,0.0119,0.31
,,,,,,,,,,0.0115,0.31
,,,,,,,,,,0.0113,0.3
,,,,,,,,,,0.0112,0.3
,,,,,,,,,,0.0109,0.29
,,,,,,,,,,0.0107,0.28
,,,,,,,,,,0.0105,0.28
,,,,,,,,,,0.0103,0.28
,,,,,,,,,,0.0102,0.28
,,,,,,,,,,0.0101,0.28
,,,,,,,,,,0.0098,0.28
,,,,,,,,,,0.0097,0.27
,,,,,,,,,,0.0096,0.26
,,,,,,,,,,0.0095,0.26
,,,,,,,,,,0.0093,0.26
,,,,,,,,,,0.0091,0.26
,,,,,,,,,,0.009,0.26
,,,,,,,,,,0.0089,0.25
,,,,,,,,,,0.0087,0.25
,,,,,,,,,,0.0085,0.25
,,,,,,,,,,0.0084,0.25
,,,,,,,,,,0.0081,0.24
,,,,,,,,,,0.008,0.24
,,,,,,,,,,0.0078,0.24
,,,,,,,,,,0.0075,0.23
,,,,,,,,,,0.0074,0.23
,,,,,,,,,,0.0072,0.22
,,,,,,,,,,0.007,0.21
,,,,,,,,,,0.0068,0.23
,,,,,,,,,,0.0067,0.21
,,,,,,,,,,0.0064,0.21
,,,,,,,,,,0.0063,0.21
,,,,,,,,,,0.0061,0.2
,,,,,,,,,,0.0059,0.19
